Rk,Name,Pos,Age,Team,Game,GS,3P%,FT%,STL,PER,TS%,ORB%,TRB%,AST%,STL%,BLK%,TOV%,USG%,VORP,EFF,GmSc,FG,3P,3PA,ORB,DRB,AST,BLK,PTS,last_year_salary
1,Alex Abrines,G,25,OKC,29,2,0.323,0.923,17,6.6,0.51,0.9,4.2,4.4,1.4,0.9,8.1,12.3,-0.1,5.896551724,93.4,55,40,124,5,42,20,6,162,5455236
2,Quincy Acy,F,28,PHO,2,0,0,,0,-6.1,0,0,3.3,0,0,0,0,2.6,0,0.5,-2.4,0,0,1,0,1,0,0,0,0
3,Jaylen Adams,G,22,ATL,8,0,0.4,,1,10.4,0.5,0,5.9,19.5,1.7,3.2,14.3,10.5,0,1.5,7,2,2,5,0,3,4,1,6,
4,Steven Adams,C,25,OKC,40,40,0,0.543,58,20.2,0.604,14.2,15.4,7.2,2,2,10.8,17.2,1.9,19,607.8,259,0,1,189,216,68,32,618,24157303
5,Bam Adebayo,C,21,MIA,40,5,0.167,0.724,29,18.2,0.606,10.3,16.6,15,1.7,3.4,16,15.5,1.1,12.325,340.9,121,1,6,85,187,86,34,319,2955840
6,DeVaughn Akoon-Purcell,G,25,DEN,7,0,0,0.5,2,8.5,0.322,4.9,9.9,37.4,4.5,0,15.5,25,0,1.857142857,5,3,0,4,1,3,6,0,7,
7,LaMarcus Aldridge,C,33,SAS,43,43,0.143,0.842,23,22,0.566,9.7,14.4,12,0.8,3,9.3,27.3,1.1,19,705.5,350,2,14,122,247,104,50,889,22347015
8,Rawle Alkins,G,21,CHI,2,0,1,,1,61.4,0.375,81.8,41.1,92.9,12.2,0,0,44.5,0.1,4,5.1,1,1,1,3,0,2,0,3,
9,Grayson Allen,G,23,UTA,17,1,0.268,0.72,1,3.8,0.473,0.7,1.7,6.1,0.3,0,12,21.7,-0.3,2,21.4,20,11,41,1,4,7,0,69,
10,Jarrett Allen,C,20,BRK,42,42,0.16,0.734,24,19.8,0.634,10.4,16.9,8.2,1.1,4.3,12.6,16.9,1.3,14.88095238,483.1,184,4,25,108,239,59,62,485,2034120
11,Al-Farouq Aminu,F,28,POR,43,43,0.352,0.837,41,12.6,0.563,5.3,13.9,4.6,1.5,1.1,8.9,13,0.9,14.11627907,371.1,137,58,165,63,281,44,18,404,6957105
12,Justin Anderson,G,25,ATL,23,0,0.2,0.769,9,8.6,0.461,5.1,9.7,7.8,2.1,3,14,17.3,-0.1,3.652173913,44.3,26,6,30,10,27,11,7,68,2516048
13,Kyle Anderson,F,25,MEM,40,37,0.265,0.576,52,13.3,0.567,4,11.3,15.5,2.2,2.8,15.3,12.7,1.2,13.625,345.7,139,9,34,43,195,123,35,321,8641000
14,Ryan Anderson,F,30,PHO,15,8,0.206,0.786,3,4.7,0.423,5.6,9.2,8.1,0.5,0.3,15.4,12.2,-0.3,5.333333333,33.9,19,7,34,14,31,17,1,56,20421546
15,Ike Anigbogu,C,20,IND,3,0,,,0,-6,0,19.2,28,19.1,0,15,25,29.1,0,1.333333333,-0.4,0,0,0,1,2,1,1,0,0
16,Giannis Antetokounmpo,F,24,MIL,38,38,0.167,0.699,49,29,0.63,7.9,19.7,29.7,1.8,3.9,16.2,31.5,3.7,27.86842105,889.9,378,15,90,92,394,228,58,1010,24157303
17,Carmelo Anthony,F,34,HOU,10,2,0.328,0.682,4,11.2,0.513,3.4,10.4,2.7,0.7,2,5.8,20.7,-0.3,13.2,77.5,49,21,64,9,45,5,7,134,0
18,OG Anunoby,F,21,TOR,38,5,0.344,0.353,24,9.9,0.526,4.2,7.7,4.8,1.5,1,8.7,16.2,0.1,8.157894737,183.2,115,45,131,30,84,28,10,287,2034120
19,Ryan Arcidiacono,G,24,CHI,41,23,0.397,0.853,42,10.6,0.6,1.1,5.1,18.8,1.9,0.1,13.6,10.1,0.3,9.756097561,262.1,88,54,136,11,91,147,1,259,0
20,Trevor Ariza,F,33,TOT,39,39,0.335,0.855,63,10.5,0.503,1.9,8.9,13.8,2.2,0.6,13.2,15.8,0.3,15.15384615,355.9,149,81,242,24,193,138,9,438,15000000
21,D.J. Augustin,G,31,ORL,40,40,0.423,0.895,22,15.6,0.626,2,4.2,25.9,1,0,13.6,16.9,0.3,11.4,404.5,146,66,156,21,65,194,0,460,7250000
22,Deandre Ayton,C,20,PHO,43,42,0,0.784,33,21.6,0.625,11.3,19.4,11.8,1.2,2.5,12.4,21.1,1.2,19.81395349,647.4,311,0,2,134,322,93,39,709,
23,Dwayne Bacon,G,23,CHO,20,0,0.524,0.833,3,11.9,0.626,0.9,7.9,9.4,0.6,0,12.7,17,-0.1,4.65,67.5,41,11,21,2,33,15,0,103,1378242
24,Marvin Bagley,F,19,SAC,28,0,0.321,0.688,13,18.3,0.591,10.4,13.9,5.8,0.9,3.7,13.3,21.9,0.1,11.92857143,277.1,131,9,28,66,106,26,28,348,
25,Ron Baker,G,25,TOT,15,0,0.077,0.833,6,2.6,0.309,0.7,3.9,12.6,1.9,0.6,18.1,7.7,-0.2,2.2,9.9,4,1,13,1,10,15,1,14,948580
26,Wade Baldwin,G,22,POR,13,0,0.286,0.727,0,2.4,0.422,1.5,6.6,18.8,0,2.2,26.3,24.7,-0.2,1.538461538,7.5,8,2,7,1,8,10,2,26,0
27,Lonzo Ball,G,21,LAL,43,41,0.33,0.413,63,11.4,0.483,3.8,8.9,22.4,2.3,1.1,18.2,16.6,0.9,15.3255814,360.2,161,66,200,47,178,220,18,407,7461960
28,Mohamed Bamba,C,20,ORL,39,1,0.281,0.547,12,14.9,0.521,8.9,16.2,8.3,0.9,7,12.6,18.5,0.3,9.692307692,211.5,99,18,64,54,140,35,54,245,
29,J.J. Barea,G,34,DAL,38,0,0.297,0.705,22,16.5,0.495,1.9,6.8,47.6,1.4,0.1,14.7,27.8,0.2,12,312.8,161,38,128,13,82,211,1,415,3710850
30,Harrison Barnes,F,26,DAL,38,38,0.413,0.839,31,14.4,0.557,2.7,7,5.5,1.2,0.7,7.8,23.4,0.1,13.60526316,434.5,230,99,240,30,128,41,10,689,24107258
31,Will Barton,G,28,DEN,2,2,0.556,1,1,22.5,0.725,0,10,17.3,0.9,3.3,11.6,20.4,0.1,16.5,27.7,12,5,9,0,10,6,2,33,11830358
32,Keita Bates-Diop,F,23,MIN,2,0,0,,0,-1.1,0.25,0,8.9,0,0,4.7,0,18.7,-0.1,3,0.4,2,0,4,0,3,0,1,4,
33,Nicolas Batum,F,30,CHO,41,41,0.396,0.86,36,11.4,0.575,3,9,14.9,1.4,1.2,17.1,12.9,0.8,12.87804878,334.7,135,55,139,36,175,139,17,362,24000000
34,Jerryd Bayless,G,30,MIN,6,0,0.273,0.333,2,1.4,0.314,1.9,4.7,23,1.7,0,18.3,20.2,-0.1,3.333333333,4.4,5,3,11,1,4,10,0,14,8575916
35,Aron Baynes,C,32,BOS,25,9,0.324,0.861,4,15.2,0.572,11.6,15.9,11.6,0.5,2.8,13.1,16.8,0.2,7.68,121.5,47,12,37,39,67,30,11,137,5193600
36,Kent Bazemore,G,29,ATL,35,30,0.327,0.752,60,14.6,0.546,2.2,7.7,14.7,2.9,2.9,14,22.1,0.5,13.74285714,355.2,177,54,165,20,119,92,32,490,18089887
37,Bradley Beal,G,25,WAS,43,43,0.352,0.8,56,19.5,0.574,3,7.3,21.6,1.7,1.9,11.1,27.8,1.5,20.72093023,752.8,391,108,307,44,164,207,35,1050,25434263
38,Malik Beasley,G,22,DEN,40,2,0.389,0.909,26,13.4,0.581,2,6.4,8.3,1.5,0.6,6.3,17.3,0.3,9.375,272.6,148,65,167,16,86,50,6,381,1773840
39,Michael Beasley,F,30,LAL,15,0,0.25,0.714,5,19.3,0.603,2.8,9.6,12.8,1.6,2.6,14.1,29.6,0,5.533333333,69.8,46,3,12,4,24,11,5,110,3500000
40,Marco Belinelli,G,32,SAS,42,0,0.378,0.882,21,12.6,0.548,1.1,5.7,11.7,1.1,0.5,7.8,20.2,0.2,9.238095238,282,145,76,201,9,87,77,6,426,6153846
41,Jordan Bell,C,24,GSW,40,1,0,0.667,14,13.5,0.554,7.2,12.6,13.4,1.5,6,17.5,11.3,0.4,5.65,134.7,48,0,1,29,76,48,32,110,0
42,DeAndre' Bembry,G,24,ATL,42,6,0.307,0.59,55,10.3,0.487,2.5,9.2,15.4,2.5,2.1,16,17.3,-0.1,11.19047619,270.2,140,31,101,25,154,110,25,357,1634640
43,Dragan Bender,F,21,PHO,12,0,0.143,0.857,1,6.4,0.463,5.6,10.2,9.5,0.5,0.8,17.6,14.8,-0.1,2.666666667,16.5,9,2,14,5,13,7,1,26,4661280
44,Davis Bertans,F,26,SAS,39,4,0.48,0.885,18,15,0.692,2.5,9.5,8,1.2,1.6,8.6,13.7,0.9,9.153846154,250.2,99,73,152,17,112,44,14,294,7000000
45,Patrick Beverley,G,30,LAC,41,16,0.359,0.754,24,9.8,0.529,3.3,8.1,17.6,1.1,1.2,14.3,12.9,0.7,10.43902439,232.9,90,51,142,30,124,137,16,280,5027028
46,Khem Birch,C,26,ORL,17,0,0,0.813,6,14.5,0.541,8,13.8,5.3,2.2,3.1,7.7,13,0,3.529411765,42.1,13,0,1,10,24,5,5,39,0
47,Bismack Biyombo,C,26,CHO,16,4,,0.526,4,15.6,0.57,11.8,17.4,4.5,1,6.5,12.8,14.2,0.1,6.4375,62.1,26,0,0,21,40,6,14,62,17000000
48,Nemanja Bjelica,F,30,SAC,42,41,0.435,0.783,33,16.2,0.61,6.8,12.8,11.2,1.5,2.8,13.1,16.9,1.3,14.0952381,398.1,171,64,147,70,188,87,35,453,6500000
49,Antonio Blakeney,G,22,CHI,34,0,0.448,0.685,10,11.9,0.506,1,6.3,6.1,0.9,1,7.3,25.9,-0.8,6.411764706,161.3,114,30,67,5,57,19,6,295,0
50,Eric Bledsoe,G,29,MIL,41,41,0.31,0.743,57,18.1,0.57,4,7.9,27.2,2.2,1.2,14.7,22.1,1.4,16.85365854,529.7,238,58,187,44,140,230,17,618,15000000
51,Jaron Blossomgame,F,25,CLE,17,4,0.333,0.857,6,11.1,0.552,6.5,12.3,4.1,1.1,1.2,10.8,11.6,-0.1,6.470588235,68.3,29,9,27,17,45,8,4,73,
52,Bogdan Bogdanovic,G,26,SAC,30,7,0.36,0.805,27,15,0.538,1.6,6.7,20.1,1.5,0.5,10.5,23.2,0.3,14.6,321.2,164,62,172,13,96,120,5,452,9000000
53,Bojan Bogdanovic,F,29,IND,42,42,0.446,0.813,39,15.3,0.624,2.1,7.1,7.9,1.4,0,11.1,20.2,0.7,12.76190476,483.4,242,83,186,24,144,72,0,680,10500000
54,Jonah Bolden,F,23,PHI,18,2,0.167,0.438,5,9.2,0.525,8.9,13.7,6.7,1.1,4.2,21.6,14,0,5.444444444,46.7,25,4,24,18,39,11,12,61,
55,Isaac Bonga,G,19,LAL,6,0,0,0.667,3,9.8,0.322,9.6,9.3,22.9,6.3,0,17.7,21.3,0,1.833333333,5.4,2,0,1,2,2,4,0,6,
56,Devin Booker,G,22,PHO,31,31,0.326,0.843,33,19,0.563,1.9,6,34.1,1.5,0.5,14.8,32,0.7,19.09677419,514.6,272,70,215,19,96,215,6,770,3314365
57,Chris Boucher,F,26,TOR,12,0,0.471,0.75,2,31.5,0.615,15.5,17,0,1.7,18.3,5.8,26.1,0.1,4.333333333,37.8,13,8,17,8,10,0,13,40,0
58,Avery Bradley,G,28,LAC,35,35,0.292,0.824,21,5,0.446,2.3,4.4,8.7,1,1.1,13.1,14.1,-0.3,8,130.1,108,31,106,21,63,66,14,261,12000000
59,Tony Bradley,C,21,UTA,1,0,,,0,-10.5,0,24.6,18.3,0,0,0,25,19.2,0,2,-1.8,0,0,0,2,1,0,0,0,1679520
60,Mikal Bridges,F,22,PHO,43,29,0.342,0.841,60,10.5,0.541,2.5,6,8.2,2.6,1.7,9.4,12.8,0.5,9.511627907,268.5,116,55,161,25,95,67,22,324,
61,Miles Bridges,F,20,CHO,39,0,0.305,0.756,20,11.6,0.532,2.9,9.8,7.2,1.3,3,9.1,14.9,0.1,8.333333333,205,96,29,95,21,118,39,26,255,
62,Isaiah Briscoe,G,22,ORL,19,0,0.4,0.462,2,5,0.445,0.7,4.9,17.8,0.6,0,14.8,17.3,-0.3,2.526315789,21.5,18,4,10,1,13,19,0,46,
63,Ryan Broekhoff,G,28,DAL,17,0,0.333,1,1,12.3,0.599,2.2,7.9,9.1,0.5,1.6,12.2,17.1,0,2.588235294,30.2,16,9,27,2,13,6,2,43,
64,Malcolm Brogdon,G,26,MIL,38,38,0.43,0.988,23,17.7,0.633,3.8,8.1,17.1,1,0.7,12.3,20.1,1.1,14.86842105,483.3,227,61,142,39,138,134,9,596,0
65,Dillon Brooks,F,23,MEM,18,0,0.375,0.733,10,7.9,0.499,3.1,5.4,7.8,1.5,1.2,12.3,21.5,-0.3,5.888888889,63.9,49,15,40,9,22,16,4,135,1378242
66,MarShon Brooks,G,30,MEM,29,0,0.278,0.697,9,12,0.518,3.5,6.7,11.2,1.2,1,10.3,24.3,-0.3,5.275862069,111.5,76,15,54,12,33,25,4,190,1656092
67,Bruce Brown,G,22,DET,33,16,0.229,0.758,17,7.8,0.476,4.1,7.2,10,1.3,2,12.2,13.3,0,6.696969697,117.2,68,11,48,26,62,46,16,172,
68,Jaylen Brown,G,22,BOS,36,21,0.295,0.66,29,11.8,0.52,3.9,8.3,8.7,1.5,2,11.3,21.5,-0.1,11.19444444,272.9,165,38,129,35,112,56,21,432,5169960
69,Lorenzo Brown,G,28,TOR,26,0,0.214,1,12,6.6,0.38,2.6,7.9,17.2,2.7,1.9,18.1,18,-0.1,3.423076923,36.1,23,6,28,5,26,28,5,55,1512601
70,Sterling Brown,G,23,MIL,31,0,0.347,0.75,10,11.4,0.557,4,10.4,9.7,1,0.6,9.2,14.8,0.1,6.935483871,127.4,65,25,72,17,76,34,3,164,0
71,Troy Brown,F,19,WAS,21,0,0.3,0.786,7,10.8,0.435,2.9,10,18.2,2.2,0.6,9.8,17.7,-0.1,3.285714286,40.7,17,3,10,4,23,20,1,48,
72,Jalen Brunson,G,22,DAL,35,9,0.311,0.65,20,11,0.506,1.9,5.3,19.2,1.7,0,10.8,17.9,-0.2,6.485714286,154.7,86,19,61,10,46,72,0,217,
73,Thomas Bryant,C,21,WAS,33,27,0.321,0.857,14,21.6,0.722,6.9,15.7,7.6,1.1,3.6,8.7,15.7,0.5,10.39393939,289.8,115,9,28,38,131,30,25,287,1378242
74,Reggie Bullock,G,27,DET,32,32,0.391,0.88,17,11,0.568,1.6,4.3,11.4,0.9,0.3,9.6,16.4,0.3,10.8125,255.8,131,79,202,15,63,74,3,385,2500000
75,Trey Burke,G,26,NYK,29,5,0.342,0.838,17,15.9,0.491,2.6,5.3,23.4,1.4,0.3,6.8,25.8,-0.2,9.620689655,221.5,120,25,73,15,43,81,2,322,1795015
76,Alec Burks,G,27,TOT,40,14,0.384,0.825,24,13.3,0.526,2,8.4,13.5,1.3,1.4,9.8,20.6,-0.1,10.275,294.7,142,48,125,17,124,83,16,417,11536515
77,Deonte Burton,G,25,OKC,15,0,0.308,0.833,3,8,0.504,0.8,6.3,5.2,1.1,3.2,12.6,17.3,-0.1,3.066666667,25.8,20,4,13,1,15,5,5,49,
78,Jimmy Butler,G,29,TOT,34,34,0.379,0.837,70,20.9,0.576,5.8,7.9,16.7,2.9,1.5,8.4,23.5,1.4,17.76470588,565.1,233,44,116,60,108,121,21,664,20445779
79,Jose Calderon,G,37,DET,34,0,0.191,0.714,14,6.2,0.4,1.8,5.4,24.2,1.4,0.5,20.4,11.1,-0.4,5.088235294,75.8,35,9,47,9,41,89,3,84,0
80,Kentavious Caldwell-Pope,G,25,LAL,43,4,0.363,0.885,34,12.6,0.578,2.2,5.8,6.2,1.6,0.4,6.7,16.7,0.4,8.953488372,308.3,143,70,193,21,93,46,5,433,12000000
81,Isaiah Canaan,G,27,PHO,19,15,0.347,0.75,12,7.5,0.515,1.1,5.5,17,1.2,0,17.4,14.4,-0.3,8.947368421,94.8,51,25,72,5,44,62,0,142,1512601
82,Clint Capela,C,24,HOU,41,41,,0.628,25,24.8,0.642,16,21,7.4,0.9,4.6,10.4,19.7,1.8,22.46341463,726.5,307,0,0,204,314,59,77,722,15293104
83,DeMarre Carroll,F,32,BRK,32,0,0.356,0.777,11,12.1,0.553,4.2,10.9,6.5,0.7,0.3,10.2,19.2,-0.1,10.09375,228.3,104,52,146,30,124,34,3,340,15400000
84,Jevon Carter,G,23,MEM,8,0,0.19,,8,2.7,0.324,0,4.9,17.3,3.4,0.8,15.9,17.2,-0.1,5,9.8,10,4,21,0,10,14,1,24,
85,Vince Carter,F,42,ATL,39,8,0.371,0.769,25,10.9,0.541,2.6,8.7,8.2,1.7,1.7,9.7,16.9,0,8.076923077,185.8,97,59,159,17,93,38,13,273,1512601
86,Wendell Carter,C,19,CHI,42,42,0.2,0.8,24,15.9,0.551,8.5,15,11.3,1.1,4.6,13.4,19.6,0.5,13.33333333,369.9,174,6,30,82,206,74,56,442,
87,Michael Carter-Williams,G,27,HOU,16,1,0.368,0.462,9,13,0.476,2.3,5.1,23.3,3.1,3.5,12.1,25,-0.1,4.4375,42.9,25,7,19,3,10,21,6,69,0
88,Alex Caruso,G,24,LAL,2,0,,,0,1.8,21,0,0,0,0,0,0,0.116,,0.5,-0.1,0,0,0,1,0,0,0,0,0
89,Omri Casspi,F,30,MEM,29,0,0.345,0.614,10,16.3,0.607,3.5,13.7,10.1,1.4,1.6,10.1,17.9,0,6.068965517,129.4,57,10,29,11,74,22,6,151,1512601
90,Willie Cauley-Stein,C,25,SAC,42,42,1,0.531,48,17.9,0.536,8.3,16.1,13.2,1.9,2,9,20.3,1,17.95238095,508.3,247,1,1,98,274,111,28,573,4696875
91,Troy Caupain,G,23,ORL,2,0,0.5,,1,33.4,0.625,0,12,57.4,5.5,0,0,19.7,0,4.5,6.7,2,1,2,0,2,3,0,5,
92,Tyler Cavanaugh,F,24,UTA,2,0,0,,0,0,0,27.6,13.7,0,0,0,0,10.8,0,0.5,0,0,0,1,1,0,0,0,0,0
93,Tyson Chandler,C,36,TOT,38,2,0,0.627,19,12.4,0.634,12.1,19.2,5.6,1.3,1.8,22,8.8,0.3,8.921052632,187.7,51,0,1,79,175,31,16,144,1333140
94,Wilson Chandler,F,31,PHI,28,24,0.366,0.714,14,8.4,0.527,5.4,9.6,10.2,0.9,1.3,14.5,11.4,0.1,9.964285714,143.5,67,30,82,35,94,55,12,174,12800562
95,Marquese Chriss,F,21,HOU,11,0,0.083,0.667,2,5.8,0.392,9.6,13.9,11.2,1.4,3.7,19.3,23.1,-0.1,2.818181818,9.9,10,1,12,6,11,5,3,23,3206160
96,Gary Clark,F,24,HOU,28,0,0.298,1,11,9.1,0.476,3.9,10,4.6,1.3,3.4,2,10.1,0.1,6.071428571,84.7,30,25,84,15,60,14,17,91,
97,Ian Clark,G,27,NOP,30,0,0.31,0.917,7,5.5,0.463,1.3,5.7,12,0.8,0.8,15,14.9,-0.4,4.4,61.3,43,18,58,5,38,39,4,115,0
98,Jordan Clarkson,G,26,CLE,42,0,0.338,0.852,33,17.8,0.543,3.9,6.9,15.4,1.5,0.7,9.7,29.1,0,13.4047619,455.5,285,75,222,40,98,94,9,720,12500000
99,John Collins,F,21,ATL,26,24,0.356,0.71,6,21.8,0.634,13.6,18.6,13.4,0.4,1.2,13.1,23.5,0.7,19.80769231,408.4,202,21,59,103,171,60,11,496,2299080
100,Zach Collins,C,21,POR,43,0,0.315,0.797,16,13.8,0.583,7.4,12.1,7,1,3.6,15,16.5,0.5,8.674418605,245.9,117,23,73,56,131,40,37,312,3628920
101,Darren Collison,G,31,IND,42,42,0.376,0.784,62,14.9,0.55,1.9,5.7,27.3,2.6,0.5,14.7,15.5,0.8,12.9047619,395.6,143,38,101,19,98,235,7,382,10000000
102,Mike Conley,G,31,MEM,40,40,0.35,0.844,52,20.1,0.543,1.9,5.6,32.1,1.9,1.1,8.7,27.6,1.5,18.375,635,270,86,246,23,110,249,16,805,30521115
103,Pat Connaughton,G,26,MIL,26,1,0.281,0.7,13,13.4,0.51,5.2,10.5,14.6,1.3,2.7,6.5,14.6,0.4,9.884615385,155.8,61,25,89,23,76,55,15,161,1641000
104,Quinn Cook,G,25,GSW,37,8,0.434,0.778,14,14.7,0.583,2.4,8.2,16.3,1.2,0.4,10.8,20.9,0,8.081081081,207.5,115,46,106,12,74,65,3,290,0
105,Robert Covington,F,28,TOT,35,35,0.378,0.764,74,13.5,0.58,2.5,8.6,5.3,2.9,3.2,10.5,15.7,1.4,15.82857143,376.4,156,85,225,28,165,46,47,465,10464092
106,Allen Crabbe,G,26,BRK,28,15,0.387,0.789,17,7.5,0.501,1.9,7.2,5.8,1.1,0.8,10.8,17.4,-0.2,9.642857143,140.9,85,65,168,13,84,30,8,265,18500000
107,Torrey Craig,F,28,DEN,35,29,0.299,0.618,16,9.4,0.517,7.8,10.1,5.8,1,2.1,11.6,12.8,0.2,8.428571429,162,81,29,97,56,88,34,18,212,2000000
108,Jamal Crawford,G,38,PHO,37,0,0.281,0.842,14,8.7,0.463,1.1,3.9,26.9,1.1,0.9,17.8,21.5,-0.9,6.405405405,148.5,82,27,96,6,38,119,7,239,1512601
109,Jae Crowder,F,28,UTA,42,6,0.333,0.73,30,13,0.552,2.8,9.5,8.8,1.3,1.2,7.8,18.8,0.8,12.54761905,366.5,166,85,255,29,171,68,17,509,7305825
110,Dante Cunningham,F,31,SAS,39,21,0.481,0.833,21,10.5,0.575,6.3,12.4,6.7,1.5,1.5,12.7,9.1,0.5,7.384615385,158.1,54,25,52,39,118,37,12,143,2487000
111,Seth Curry,G,28,POR,37,1,0.491,1,13,8.6,0.578,1.7,3.9,6.7,1,0.5,13.2,14.7,-0.1,5.405405405,129.5,81,52,106,10,38,31,4,221,
112,Stephen Curry,G,30,GSW,31,31,0.443,0.915,40,25.8,0.656,2.2,8.1,26.2,1.8,0.8,12.5,31.2,2.3,23.90322581,674.9,299,156,352,21,139,173,10,894,37457154
113,Troy Daniels,G,27,PHO,19,0,0.395,0.889,13,10.8,0.577,2.1,5,4.9,2.3,0.3,11.9,18.9,-0.1,5.473684211,70.4,41,30,76,5,19,9,1,120,3258539
114,Anthony Davis,C,25,NOP,37,37,0.321,0.804,66,31.2,0.599,9.9,19.1,19.1,2.3,6,7.7,29.2,4,31.43243243,1009.6,384,35,109,124,366,164,99,1070,25434263
115,Ed Davis,C,29,BRK,43,1,0,0.55,24,18,0.62,17.8,25.5,5.8,1.5,1.6,14.7,13,0.5,11.86046512,297.3,104,0,2,130,240,31,16,252,4449000
116,Tyler Davis,C,21,OKC,1,0,,,0,0,0,100,51.7,0,0,0,0,40.7,0,1,0,0,0,0,1,0,0,0,0,
117,Dewayne Dedmon,C,29,ATL,34,23,0.36,0.852,35,14.2,0.568,6.5,16.3,8.2,1.9,3.5,14.5,16.7,0.4,14.26470588,287,126,36,100,53,204,47,34,334,7200000
118,Sam Dekker,F,24,TOT,25,5,0.333,0.625,27,17,0.569,6.8,10.9,8.2,3.1,0.8,6.6,16.8,0.2,8.52,162.8,76,10,30,27,57,23,4,177,2760095
119,Matthew Dellavedova,G,28,TOT,26,0,0.426,0.895,6,13,0.613,0.3,4.8,32.9,0.8,0,23.8,18.5,-0.3,6.230769231,111.4,51,26,61,1,31,84,0,145,9607500
120,Luol Deng,F,33,MIN,4,0,0,0.667,3,16.3,0.419,19.8,20,4.5,4.5,2.7,12.3,21.5,0,5,11.7,5,0,5,6,6,1,1,12,0
121,DeMar DeRozan,G,29,SAS,43,43,0.175,0.829,45,20.2,0.534,2.3,9.6,29.1,1.5,1.2,10.8,29.1,1.3,20.30232558,736.8,364,7,40,32,234,278,21,953,27739975
122,Marcus Derrickson,F,22,GSW,6,0,0.286,0.75,0,5.1,0.507,6.6,6.4,0,0,2.5,15.2,24.9,-0.1,1.666666667,5,6,2,7,2,2,0,1,17,
123,Cheick Diallo,F,22,NOP,29,0,0,0.75,11,15.4,0.619,10,19.8,4.3,1.9,3.9,19.7,14.6,0,5.344827586,95.9,39,0,1,25,77,9,13,96,0
124,Hamidou Diallo,G,20,OKC,35,2,0.19,0.644,16,11.9,0.533,7.2,9.7,4.9,1.8,1.8,10.8,16.8,-0.1,4.914285714,115.7,67,4,21,30,50,15,9,167,
125,Gorgui Dieng,C,29,MIN,42,0,0.31,0.865,21,15.2,0.563,6.7,15.8,8.3,1.7,3.6,12.6,17.1,0.2,7.666666667,204.3,90,9,29,37,136,34,25,234,15170787
126,Spencer Dinwiddie,G,25,BRK,44,4,0.364,0.796,27,17.7,0.593,1.6,4.8,28.4,1.1,0.6,13.6,24.9,0.8,13.5,532.8,240,84,231,19,91,222,10,743,1656092
127,Donte DiVincenzo,G,22,MIL,23,0,0.246,0.818,12,8.6,0.492,4,8.1,9.7,1.6,1.5,13.9,15.3,0,6.173913043,76.6,42,17,69,13,43,27,6,110,
128,Luka Doncic,F,19,DAL,41,41,0.368,0.735,46,18.6,0.563,3.7,11.3,26.3,1.7,0.7,15.3,27.9,1.7,18.87804878,606.2,269,98,266,44,231,207,11,822,
129,Tyler Dorsey,G,22,ATL,22,0,0.229,0.625,7,7.8,0.438,4.1,9.6,10.1,1.4,0.4,9.8,18.5,-0.3,4.181818182,49.2,29,8,35,9,32,16,1,81,1378242
130,Damyean Dotson,G,24,NYK,33,9,0.36,0.75,32,11.9,0.534,2.8,7.7,7.2,1.9,0.4,7.2,16.4,0.1,10.33333333,227.2,123,45,125,23,98,39,4,318,0
131,PJ Dozier,G,22,BOS,4,0,0.5,,0,25,0.583,21.2,21.4,0,0,0,0,26,0,2,5.6,3,1,2,2,2,0,0,7,0
132,Goran Dragic,G,32,MIA,14,14,0.314,0.76,10,13.4,0.51,2,5.5,26.7,1.2,0.8,14.3,25.4,0,13.5,137.9,77,22,70,8,35,68,4,214,18109175
133,Andre Drummond,C,25,DET,40,40,0.143,0.512,62,20.3,0.515,16,24.2,6.4,2.3,4.5,13.8,24.1,0.8,23.975,597.5,281,4,28,206,389,50,71,669,0
134,Jared Dudley,F,33,BRK,43,25,0.322,0.629,28,7.2,0.523,2.8,6.9,9.4,1.4,1.1,15.3,11,0.2,7.093023256,157.2,77,39,121,25,95,65,13,215,9530000
135,Kris Dunn,G,24,CHI,16,14,0.36,0.759,22,15,0.522,0.2,8.1,37.1,2.2,0.5,15.9,22.4,0.1,16.6875,171.8,92,9,25,1,71,108,3,215,4221000
136,Kevin Durant,F,30,GSW,42,42,0.368,0.913,33,25.5,0.626,1.5,11.2,27.5,1.1,2.5,13,31.1,2.5,23.47619048,945,408,77,209,20,288,257,44,1185,30000000
137,Vince Edwards,F,22,HOU,1,0,0.5,,0,32.7,0.75,27.5,14.2,0,0,0,0,21.9,0,3,2.7,1,1,2,1,0,0,0,3,
138,Henry Ellenson,F,22,DET,2,0,0.5,1,0,14.9,0.551,0,19.4,6.2,0,0,0,18.4,0,8,9.2,4,2,4,0,9,1,0,12,1857480
139,Wayne Ellington,G,31,MIA,20,10,0.365,0.846,21,10.2,0.526,1.4,4.8,8.6,2.3,0.6,7.7,15.9,0.2,9,110.5,54,46,126,6,36,27,3,165,6270000
140,Joel Embiid,C,24,PHI,40,40,0.301,0.806,23,25.6,0.598,7.6,21.4,17.9,0.8,4.4,13.4,32.6,1.8,25.95,858.6,356,46,153,93,445,140,75,1077,25467250
141,James Ennis,F,28,HOU,28,22,0.364,0.658,23,11.1,0.619,4.4,6.5,4.4,1.8,1.4,9.3,12.5,0.3,7.714285714,151.9,74,32,88,26,48,19,11,205,0
142,Drew Eubanks,F,21,SAS,10,0,,0.75,1,21.2,0.773,2.7,13.1,3.6,1.2,0,11.4,18.4,0,1.9,19.9,9,0,0,1,9,1,0,24,
143,Jacob Evans,G,21,GSW,21,0,0.167,0,1,-0.8,0.277,1.2,4.7,14.4,0.5,0.9,17.6,13.2,-0.2,1.095238095,0.9,6,1,6,1,7,11,1,13,
144,Jawun Evans,G,22,PHO,4,0,0,,2,1,0.2,2.4,12.3,22.2,2.1,0,28.6,13.3,-0.1,4.5,2.4,2,0,2,1,9,8,0,4,1378242
145,Tyreke Evans,G,29,IND,38,11,0.346,0.747,42,11.4,0.474,3.2,7.7,16.5,2.6,1.1,15,27,-0.3,9.578947368,232.1,140,47,136,22,86,90,10,392,12400000
146,Dante Exum,G,23,UTA,39,1,0.305,0.791,14,12.8,0.53,2.6,5.6,25.5,1.1,0.6,14.5,21.6,-0.1,6.769230769,204.1,101,18,59,15,50,107,5,288,9600000
147,Kenneth Faried,F,29,BRK,12,0,0.2,0.625,2,21.2,0.622,13.7,20.2,2.8,0.8,2.6,10.9,20,-0.1,6,55.4,25,1,5,15,29,2,4,61,13764045
148,Derrick Favors,C,27,UTA,42,37,0.255,0.642,31,21,0.621,13.3,16.5,7.3,1.5,4.6,11,18.8,1.6,13.78571429,454.1,187,12,47,118,178,45,55,472,16900000
149,Cristiano Felicio,C,26,CHI,27,0,0,0.739,3,12.4,0.6,9,15.5,7.5,0.5,0.6,15.8,13.1,-0.2,4.37037037,76.6,33,0,2,23,56,14,2,83,8740980
150,Raymond Felton,G,34,OKC,15,0,0.2,0.889,6,10.9,0.438,1.8,6.5,22.7,1.7,2,12.1,22.3,-0.1,5.4,46.6,28,6,30,3,18,27,4,70,0
151,Terrance Ferguson,G,20,OKC,34,34,0.365,0.722,16,5.3,0.527,2.3,4,3.4,1,1,9.7,10.1,-0.1,5.382352941,91.3,64,35,96,17,40,20,9,176,2118840
152,Yogi Ferrell,G,25,SAC,32,2,0.377,0.879,13,13.7,0.56,0.7,5.2,16,1.3,0.6,7.6,17,0,6.03125,151.9,69,23,61,3,42,54,3,190,3000000
153,Dorian Finney-Smith,F,25,DAL,42,11,0.331,0.682,40,10.7,0.548,7.2,9.6,3.9,1.9,1.8,11.8,13.3,0.6,9.238095238,246.9,112,41,124,67,116,28,22,310,1544951
154,Bryn Forbes,G,25,SAS,43,43,0.436,0.87,27,12.5,0.595,0.7,5.2,11.6,1.1,0.1,10.2,18.1,0.5,11.3255814,357.3,199,95,218,8,108,99,2,533,3125000
155,Evan Fournier,G,26,ORL,40,40,0.34,0.759,33,11.6,0.527,1.7,5.3,18.8,1.3,0.5,13.4,23.4,-0.1,13,351.8,222,82,241,19,100,142,8,586,17000000
156,De'Aaron Fox,G,21,SAC,42,42,0.381,0.715,75,19,0.561,1.8,5.7,32.9,2.6,1.5,16.2,24.9,1.1,17.69047619,622.2,272,48,126,24,123,307,23,750,5470920
157,Melvin Frazier,G,22,ORL,3,0,0,,1,-9.7,0,0,3.4,0,3.1,0,25,11.1,0,0.333333333,-3,0,0,1,0,1,0,0,0,
158,Tim Frazier,G,28,NOP,33,17,0.39,0.773,18,11.2,0.56,3.7,7.6,26.7,1.3,0.4,23.3,12,0,8.96969697,174.9,61,23,59,22,71,142,3,162,0
159,Channing Frye,C,35,CLE,21,5,0.408,0.857,4,8.7,0.527,1.6,8.7,7.4,1,1.3,11.1,17.9,-0.2,4,41.1,25,20,49,3,28,10,3,76,0
160,Markelle Fultz,G,20,PHI,19,15,0.286,0.568,17,10.6,0.452,6.7,8.8,19.9,1.9,0.9,12.7,19.4,-0.1,10.26315789,113.5,65,4,14,26,44,59,5,155,8339880
161,Danilo Gallinari,F,30,LAC,40,40,0.449,0.908,28,20.3,0.627,3.4,10.3,12,1.1,0.7,7.9,22.6,1.7,16.65,611.2,237,96,214,39,206,101,12,778,21587579
162,Langston Galloway,G,27,DET,39,1,0.347,0.809,18,10.6,0.53,3.1,5.8,7.5,1,0.3,4.5,16.2,0.1,8.435897436,220.9,117,67,193,26,69,44,3,339,7000000
163,Marc Gasol,C,34,MEM,41,41,0.365,0.77,53,17.7,0.543,3.4,14.6,21.6,1.9,3.9,13.1,22.4,2,20.75609756,565,229,62,170,42,313,184,57,644,24119025
164,Pau Gasol,C,38,SAS,13,1,0.571,0.727,2,19.5,0.586,6.5,20.4,22.6,0.5,4.9,11.8,14.4,0.3,11.30769231,89.8,25,4,7,12,65,35,12,70,16800000
165,Rudy Gay,F,32,SAS,35,32,0.415,0.848,31,17.9,0.592,4.2,13.5,13.5,1.6,1.9,11.7,21.4,1,15.48571429,384.3,190,39,94,35,195,84,21,475,10087200
166,Paul George,F,28,OKC,40,40,0.385,0.822,88,23.4,0.577,4.3,11.6,17.3,2.9,1.3,10.4,29.6,2.8,24.525,807.9,369,135,351,61,259,155,22,1076,30560700
167,Taj Gibson,F,33,MIN,41,41,0.367,0.693,34,16.9,0.593,11,14.6,7.4,1.6,1.8,10.2,16.2,0.9,13.29268293,396.8,179,11,30,109,178,53,22,430,14000000
168,Harry Giles,F,20,SAC,29,0,0,0.588,23,13.8,0.488,8.5,14.4,16.3,3.2,2.5,17.6,24.7,0,6.862068966,111.6,70,0,5,28,65,38,10,160,
169,Shai Gilgeous-Alexander,G,20,LAC,41,32,0.383,0.805,43,12.9,0.565,3.1,5.8,15.4,1.9,1.8,16.7,17.1,0.6,10.02439024,323.4,157,23,60,30,87,117,26,407,
170,Rudy Gobert,C,26,UTA,43,43,,0.638,40,23.8,0.665,12.7,21.9,9.9,1.4,5.2,11.7,17.3,3,21.41860465,705.1,237,0,0,154,382,85,86,631,23241573
171,Brandon Goodwin,G,23,DEN,8,0,1,1,0,17.4,0.637,0,3.9,47.1,0,0,16.4,18.6,0,1.875,11.4,3,2,2,0,2,10,0,13,
172,Aaron Gordon,F,23,ORL,39,39,0.357,0.681,31,15,0.526,5.2,12.2,15.9,1.2,1.8,10.8,21.5,0.8,17.94871795,462,226,60,168,64,229,130,28,593,21590909
173,Eric Gordon,G,30,HOU,32,18,0.303,0.778,16,10,0.498,1.3,4.2,10.4,0.8,1.1,8.7,22.8,-0.7,12.15625,265.2,178,82,271,13,65,69,14,501,13500375
174,Marcin Gortat,C,34,LAC,34,32,,0.795,6,13.6,0.569,9.8,18.1,13.1,0.5,2.6,19.5,14.3,0.3,9.235294118,178.2,74,0,0,51,146,55,20,179,13565218
175,Devonte' Graham,G,23,CHO,21,3,0.364,0.929,15,12.7,0.521,0,4.9,25.1,2.7,0,13.1,17,0,5.952380952,82.5,34,16,44,0,25,49,0,97,
176,Treveon Graham,G,25,BRK,7,1,0.136,1,3,0.4,0.265,5.1,6.4,6.2,1.2,1.8,12.2,13.8,-0.2,4.571428571,4.1,7,3,22,6,9,6,3,19,0
177,Jerami Grant,F,24,OKC,41,38,0.35,0.69,34,13.9,0.604,3.5,8.2,3.7,1.2,3.4,8.2,14.7,0.9,12.85365854,410.8,197,43,123,44,160,35,52,517,8653847
178,Jerian Grant,G,26,ORL,40,1,0.347,0.625,33,9.5,0.495,2.1,5.2,23.3,2.3,0.4,19.6,12.9,-0.2,6.7,155.4,61,26,75,14,54,117,3,163,2639314
179,Danny Green,G,31,TOR,42,42,0.412,0.941,38,10.9,0.586,3.7,7.6,5.9,1.5,2.3,12,13.5,1.3,11.69047619,304.6,145,91,221,41,132,55,35,397,10000000
180,Draymond Green,F,28,GSW,28,28,0.242,0.788,45,12.2,0.487,3.9,13.9,27,2.5,2.6,27.9,13.9,0.8,17.92857143,254.6,79,15,62,30,194,191,27,199,17469565
181,Gerald Green,G,33,HOU,37,0,0.358,0.88,14,11.3,0.582,2.6,7.4,3.3,0.9,1.1,9.4,18.1,-0.3,8.108108108,195,114,77,215,18,80,16,10,327,0
182,JaMychal Green,F,28,MEM,29,2,0.391,0.788,26,15.5,0.592,8.8,16.4,5.9,1.9,2.7,16.3,20.4,0.1,12.24137931,230.6,116,25,64,53,141,24,19,298,7666667
183,Jeff Green,F,32,WAS,41,18,0.37,0.897,23,14,0.607,4.2,9.7,9,1,1.4,11.1,16.9,0.3,11.80487805,373.2,168,54,146,43,155,71,19,477,1512601
184,Blake Griffin,F,29,DET,38,38,0.362,0.749,28,20.8,0.588,3.7,12.5,25.9,1,1,15,29.6,2.2,21.84210526,684,325,88,243,49,266,200,17,953,32088932
185,Daniel Hamilton,G,23,ATL,14,3,0.313,0.5,4,7.5,0.472,5.3,11.5,15,1.2,0,20.5,15.2,-0.2,4.714285714,31.3,18,5,16,8,26,17,0,44,1349383
186,Tim Hardaway,G,26,NYK,39,39,0.347,0.856,37,14.8,0.533,1.7,5.4,13.3,1.4,0.3,9.4,26.3,0.1,14.23076923,467.2,249,102,294,22,110,105,5,773,0
187,James Harden,G,29,HOU,38,38,0.39,0.856,76,29.1,0.622,2.1,9.3,44.6,2.7,1.4,17.1,39.2,4.7,26.57894737,959.3,376,187,480,27,205,330,24,1297,35650150
188,Maurice Harkless,F,25,POR,26,19,0.32,0.65,23,10.7,0.518,4.8,10,4.6,2,3.6,9.2,12.4,0.4,9.115384615,129.8,62,16,50,25,82,19,25,153,10837079
189,Montrezl Harrell,C,25,LAC,41,0,0.25,0.619,38,25.4,0.647,10.7,14.2,10.5,1.8,4.3,9.8,22.8,1.9,15.51219512,577,252,1,4,99,176,66,58,643,6000000
190,Devin Harris,G,35,DAL,30,0,0.276,0.815,23,11.5,0.531,0.7,5.9,11.1,2.4,1.1,11,18.7,0.1,5.866666667,128.7,61,24,87,3,47,34,6,190,0
191,Gary Harris,G,24,DEN,25,22,0.333,0.802,26,14.8,0.535,2.6,5.8,13,1.7,1,7,21.9,0.3,13.92,278.9,146,43,129,19,64,69,9,400,16517857
192,Joe Harris,G,27,BRK,40,40,0.483,0.839,22,14,0.652,2.7,6.6,12.4,0.9,0.5,13,17.2,0.9,12.475,380.9,195,97,201,30,114,95,7,534,8000000
193,Tobias Harris,F,26,LAC,41,41,0.427,0.891,30,19,0.607,2.4,12.5,10.4,1,0.9,10,23.9,1.1,19.2195122,637.9,322,79,185,30,299,91,16,862,14800000
194,Andrew Harrison,G,24,TOT,17,0,0.2,0.944,4,6,0.443,3.5,5.9,17.2,1.1,0.9,16.5,17,-0.2,3.470588235,27.9,16,5,25,6,14,24,2,54,0
195,Shaquille Harrison,G,25,CHI,33,0,0.256,0.627,44,12,0.466,2.6,8.6,14.3,3.7,1.6,11.7,17.5,0.1,7.818181818,162.5,71,11,43,14,78,56,11,190,1311265
196,Josh Hart,G,23,LAL,43,19,0.355,0.683,49,10.6,0.539,2,7.4,6.9,2,1.8,9.7,14.6,0.7,11.23255814,299.7,143,72,203,22,148,62,27,401,1655160
197,Isaiah Hartenstein,F,20,HOU,22,0,0.4,0.786,4,9.8,0.585,10.5,11.1,8.9,1.1,4.3,23,12.9,0,3,34.1,17,2,5,17,18,11,9,47,
198,Udonis Haslem,C,38,MIA,3,0,0,,0,-4.5,0.333,7.4,18.7,0,0,0,25,24.2,-0.1,1.666666667,-0.7,2,0,2,1,4,0,0,4,0
199,Gordon Hayward,F,28,BOS,37,16,0.333,0.88,36,15,0.543,3.6,9.8,19.4,1.8,0.8,12.4,19.2,0.7,13.48648649,355.1,146,48,144,33,147,134,9,413,31214295
200,John Henson,C,28,MIL,14,0,0.355,0.6,7,17.4,0.553,9.3,19.6,10.2,1.7,5.1,14.4,18.7,0.2,9.5,76.7,31,11,31,16,55,14,11,79,11327466
201,Juan Hernangomez,F,23,DEN,39,25,0.41,0.803,17,13.3,0.632,5.7,11,5,0.8,1.6,9.6,12.9,0.7,11.07692308,310.2,118,59,144,54,156,39,19,356,2166360
202,Willy Hernangomez,C,24,CHO,33,2,0.48,0.726,10,22.1,0.596,16,21,11.4,1.1,2.3,13.4,23.5,0.3,9.121212121,223.6,91,12,25,68,108,33,12,255,1544951
203,Mario Hezonja,F,23,NYK,36,11,0.29,0.667,33,10.1,0.476,2.3,9.6,8.1,2.4,0.6,12.4,21.3,-0.5,7.888888889,162,106,27,93,15,105,34,5,275,6500000
204,Buddy Hield,G,26,SAC,42,42,0.444,0.855,20,17.1,0.6,3.8,8.1,10.9,0.7,1,10.3,24.8,0.8,16.88095238,556.1,319,136,306,49,156,95,15,845,3844760
205,Haywood Highsmith,F,22,PHI,1,0,0.5,,0,22.8,0.75,0,0,31,0,0,0,16.9,0,3,2.7,1,1,2,0,0,1,0,3,
206,Nene Hilario,C,36,HOU,17,0,0,0.778,6,12.4,0.558,6.2,14.6,7.1,1.3,1.8,6.2,12.4,0,6.117647059,60.6,27,0,2,13,46,11,5,68,3651480
207,George Hill,G,32,TOT,29,13,0.344,0.773,25,11.7,0.555,3.7,5.1,14.2,1.8,0.4,11.2,14.7,0.1,8.413793103,181.1,86,22,64,23,42,69,3,228,19000000
208,Solomon Hill,F,27,NOP,28,10,0.316,0.632,16,6.8,0.503,4.7,8.2,6.9,1.3,1,16.1,9.2,0.1,6.571428571,94,40,18,57,25,65,34,7,110,12252928
209,Aaron Holiday,G,22,IND,24,0,0.259,0.885,11,14.7,0.526,0.9,7.9,18.7,2,2.7,11.2,23.2,0.1,5.791666667,96.1,48,15,58,2,36,35,8,134,
210,Jrue Holiday,G,28,NOP,42,42,0.332,0.777,72,19.1,0.561,3.6,6.7,32.8,2.2,1.7,16.1,24.8,1.8,21.4047619,719.7,335,70,211,50,142,347,31,869,25976111
211,Justin Holiday,G,29,TOT,41,38,0.351,0.9,67,10.8,0.521,1.6,7,9.5,2.4,1.5,10.1,15.6,0.8,13.58536585,347.3,155,97,276,20,156,88,23,452,4384616
212,John Holland,F,30,CLE,1,0,,,0,0,0,0,0,0,0,0,0,-0.042,,0,0,0,0,0,0,0,0,0,0,0
213,Rondae Hollis-Jefferson,F,24,BRK,34,19,0.242,0.659,28,12.6,0.469,6.1,13,12,1.7,1.7,10.5,21.1,-0.2,11.64705882,250.3,123,8,33,46,150,65,18,337,2470357
214,Richaun Holmes,C,25,PHO,41,1,,0.719,28,23.7,0.706,11.3,15.9,8.4,2.1,6.2,12.1,17.6,1,9.585365854,330,132,0,0,66,117,34,48,328,1600520
215,Rodney Hood,G,26,CLE,35,35,0.385,0.897,30,13.7,0.559,1.3,5,11.2,1.5,0.4,7.3,19.5,-0.2,10.4,301,160,45,117,12,75,69,4,443,3472887
216,Al Horford,C,32,BOS,32,32,0.355,0.706,24,17.6,0.57,5.7,11.8,20.1,1.3,4.4,12.8,18.2,1.3,16.71875,361.2,156,38,107,48,150,123,44,374,28928709
217,Danuel House,F,25,HOU,23,10,0.372,0.818,13,13,0.639,3.8,8.6,6.1,1.2,1.5,11,13.7,0.2,8.826086957,159.9,60,32,86,19,65,23,10,197,0
218,Dwight Howard,C,33,WAS,9,9,,0.604,7,17.8,0.638,11.3,19.9,2.6,1.4,1.5,15.1,19.7,-0.2,13.88888889,93.8,43,0,0,24,59,4,4,115,5337000
219,Kevin Huerter,G,20,ATL,40,24,0.38,0.758,31,9.3,0.531,3.3,6.4,13.2,1.4,1.3,15.6,15.1,-0.1,10.175,249.2,131,63,166,34,94,99,16,350,
220,Chandler Hutchison,F,22,CHI,37,7,0.257,0.552,16,7.9,0.483,4,11,5.6,1.2,0.5,11.1,12.4,-0.5,6.459459459,125.4,69,9,35,25,111,26,4,163,
221,Serge Ibaka,C,29,TOR,40,31,0.292,0.806,21,19.1,0.593,7.5,14.1,8.4,0.9,4,12.3,23.7,0.9,16.275,487.5,266,31,106,76,217,60,56,642,21666667
222,Andre Iguodala,F,35,GSW,37,11,0.364,0.639,29,11.9,0.56,3.4,8.3,15.7,1.6,3,15,10.4,0.7,9.972972973,234,73,28,77,26,105,109,30,197,16000000
223,Ersan Ilyasova,F,31,MIL,29,3,0.371,0.875,18,13.1,0.555,9,14.4,7.8,1.5,1.1,12,16.8,0.2,10.20689655,174.2,83,26,70,46,110,33,7,220,0
224,Joe Ingles,F,31,UTA,43,43,0.372,0.653,66,12.5,0.554,1,7.3,22.2,2.4,0.6,17.4,17.8,1.3,14.6744186,406.2,185,87,234,12,165,202,10,504,13045455
225,Brandon Ingram,G,21,LAL,32,32,0.304,0.622,20,11.7,0.516,2.7,7.6,11.6,0.9,1.7,13.7,23.7,-0.5,12.9375,309.1,201,17,56,26,126,82,22,521,5757120
226,Kyrie Irving,G,26,BOS,37,37,0.406,0.855,60,24.3,0.592,3.9,8,34.3,2.5,1.2,11.7,29.2,2.6,21.97297297,681,321,95,234,44,133,238,16,837,20099189
227,Jonathan Isaac,F,21,ORL,35,24,0.284,0.829,28,10.7,0.511,4.1,10.2,4.7,1.6,3.8,12.3,15.9,0,9.742857143,213.3,97,25,88,33,129,28,39,277,4969080
228,Wesley Iwundu,F,24,ORL,31,12,0.286,0.816,11,6.8,0.495,2.2,6.4,6.9,1,0.9,12.2,14.3,-0.4,4.677419355,89.9,50,10,35,11,52,26,6,150,0
229,Demetrius Jackson,G,24,PHI,6,0,0.333,1,2,21.1,0.656,5.6,4.1,20,2.4,0,5.6,19.2,0,3.166666667,19.3,8,2,6,2,1,5,0,22,0
230,Frank Jackson,G,20,NOP,27,0,0.429,0.8,5,8.3,0.569,1,3.9,7,0.7,0,12.1,17.2,-0.3,3.777777778,73.6,50,21,49,3,22,18,0,141,
231,Jaren Jackson,C,19,MEM,41,39,0.337,0.779,38,17.8,0.604,5.2,10.5,8.1,1.8,5.8,12.8,23.1,0.9,12.58536585,402.8,210,34,101,48,142,48,63,549,
232,Josh Jackson,G,21,PHO,43,11,0.313,0.659,44,9.6,0.478,3.4,10.2,15.4,2.2,2.1,19.2,24,-0.7,9.88372093,235.3,158,31,99,29,143,97,24,407,6041520
233,Justin Jackson,F,23,SAC,41,3,0.377,0.818,18,11.1,0.57,2.7,7.1,7.8,0.9,0.9,6.3,13.2,0.2,8.43902439,242.3,110,49,130,24,99,55,9,305,2807880
234,Reggie Jackson,G,28,DET,40,40,0.339,0.871,26,14.2,0.54,2.4,5.2,24,1.1,0.4,12.4,23.6,0.4,12.75,388.1,200,78,230,26,83,169,6,593,17043478
235,LeBron James,F,34,LAL,34,34,0.356,0.682,44,26.4,0.601,2.9,12.3,34.5,1.7,1.6,13.1,31.3,3,26.05882353,762.2,340,68,191,32,251,243,24,928,0
236,Amile Jefferson,F,25,ORL,1,0,,1,0,18,0.532,26.5,13.5,0,0,0,0,20.8,0,1,1.6,0,0,0,1,0,0,0,2,
237,Jonas Jerebko,F,31,GSW,42,6,0.364,0.836,16,13.8,0.605,6.8,13.6,10.9,0.9,0.9,11.2,15,0.5,10.26190476,273,111,48,132,51,159,70,9,316,0
238,Alize Johnson,F,22,IND,6,0,,0.25,0,-1.5,0.193,5.5,18.7,0,0,4.3,0,16.2,-0.1,1.5,0,1,0,0,1,6,0,1,3,
239,Amir Johnson,C,31,PHI,34,2,0.364,0.76,10,12.9,0.597,8,14.3,17.9,1.5,1.8,22.6,17.8,0.1,4.882352941,96.4,48,8,22,23,61,39,7,123,0
240,James Johnson,F,31,MIA,24,22,0.338,0.714,14,11.6,0.507,2.5,8.6,16.6,1.4,1.2,11.2,19.3,0,9.625,137.9,78,24,71,12,68,53,7,200,14651700
241,Stanley Johnson,F,22,DET,35,7,0.268,0.786,34,9.8,0.486,3.1,9.5,9.1,2.3,1,13.9,20.6,-0.1,9,175.8,111,40,149,22,105,43,9,295,3940402
242,Tyler Johnson,G,26,MIA,33,4,0.376,0.704,34,13.7,0.546,1.9,6.4,15,2,1.8,12.2,19.7,0.4,11.12121212,264.7,130,53,141,15,84,80,17,363,19245370
243,Wesley Johnson,F,31,NOP,24,13,0.396,0.833,10,7,0.532,3,7.8,5.3,1.3,1.6,12.4,10.8,0,5.291666667,62.1,33,19,48,10,44,16,7,90,6134520
244,Nikola Jokic,C,23,DEN,40,40,0.314,0.84,58,26.1,0.585,9.9,17.7,38.2,2.3,2.1,16.7,26.8,3.6,25.075,748.8,290,44,140,115,294,303,30,766,24605181
245,Damian Jones,C,23,GSW,24,22,,0.649,12,15.6,0.72,8.5,9.9,8.9,1.4,5.2,15.1,11.1,0.5,7.375,137,53,0,0,31,44,28,25,130,0
246,Derrick Jones,F,21,MIA,29,5,0.372,0.632,26,16.4,0.574,11,12.8,3.9,2.4,3.4,10.3,16.1,0.4,9.172413793,190.6,79,16,43,57,74,14,21,210,0
247,Jalen Jones,F,25,CLE,16,0,0.357,0.704,9,11.9,0.548,5.6,8.9,4.8,2.1,0.8,9.8,16.9,-0.1,5,55.9,26,10,28,11,23,7,2,81,0
248,Tyus Jones,G,22,MIN,41,6,0.286,0.818,53,12.5,0.461,1.5,4.4,25.8,3.1,0.2,9.6,13.2,0,8.902439024,245.9,85,20,70,12,57,161,2,217,2444053
249,DeAndre Jordan,C,30,DAL,42,42,,0.69,30,17.7,0.671,11.1,24.1,9.6,1.1,2.8,22.9,14.3,1.5,19.42857143,523.5,170,0,0,131,456,85,45,456,22897200
250,Cory Joseph,G,27,IND,42,0,0.376,0.636,50,11.6,0.518,1.7,7.7,19.7,2.3,0.8,14.9,13.8,0.6,11.38095238,291.9,126,35,93,16,133,160,9,301,7945000
251,Frank Kaminsky,F,25,CHO,23,0,0.35,0.667,5,16.3,0.595,7.3,11.7,14.2,0.9,1.7,14.3,20.5,0.1,5.826086957,99.2,46,14,40,18,39,25,5,128,3627842
252,Enes Kanter,C,26,NYK,41,23,0.35,0.817,18,22.4,0.593,15.3,21.6,12.7,0.8,1.3,13.2,22.3,0.9,17.97560976,538.1,241,7,20,166,283,81,17,592,18622514
253,Luke Kennard,G,22,DET,22,9,0.338,0.647,7,9.3,0.498,1,7.8,10.4,0.8,0.8,9.2,17.5,-0.2,7.772727273,98.3,61,25,74,4,57,29,4,158,3275280
254,Michael Kidd-Gilchrist,F,25,CHO,34,1,0.35,0.775,17,15.4,0.555,9.8,13.2,7.1,1.3,3.9,9.9,17.3,0.3,9.352941176,221.9,100,7,20,60,99,32,29,262,13000000
255,George King,F,25,PHO,1,0,,,0,2,0,0,0,0,0,0,0,0.003,,1,0.3,0,0,0,0,1,0,0,0,
256,Maxi Kleber,F,27,DAL,37,5,0.318,0.805,16,14.1,0.576,6.1,11.2,5.8,1.1,5.5,9.7,14,0.7,8.864864865,215.6,84,34,107,38,105,27,46,235,0
257,Brandon Knight,G,27,HOU,12,0,0.156,0.818,2,0.8,0.347,0.9,4.3,10.9,0.8,0,8.8,21.1,-0.3,2.583333333,7.5,11,5,32,1,8,9,0,36,
258,Kevin Knox,F,19,NYK,35,17,0.354,0.707,18,9.5,0.482,3.1,8.1,5.3,0.9,1,9.1,21.9,-0.9,10.48571429,222.4,149,57,161,29,115,32,11,425,
259,Furkan Korkmaz,G,21,PHI,35,6,0.323,0.839,25,11.8,0.526,2.6,8.6,11.5,2.2,0.3,8.8,18.2,0,7.4,164.5,81,40,124,13,75,44,2,228,1740000
260,Luke Kornet,F,23,NYK,20,7,0.426,0.846,6,16.3,0.59,4,9.3,13.1,1,3.4,9,17.1,0.2,7.45,102,40,29,68,11,38,24,11,120,1619260
261,Kyle Korver,F,37,TOT,37,0,0.414,0.833,11,11.9,0.607,0.7,5.9,8.2,0.8,1,11.2,18.5,0,7,184.7,100,67,162,4,65,35,8,297,7560000
262,Kosta Koufos,C,29,SAC,26,1,,0.385,12,12.5,0.478,11.3,19.3,9.6,1.6,2.7,15.2,14.8,0,8,100.5,48,0,0,39,91,26,11,101,8739500
263,Rodions Kurucs,F,20,BRK,27,15,0.347,0.907,14,13,0.593,4.8,9.7,5.1,1.3,1.3,13.2,18.7,0,8.185185185,164.3,89,25,72,24,73,18,9,242,
264,Kyle Kuzma,F,23,LAL,41,39,0.3,0.768,26,14.8,0.555,2.3,9,10.8,0.9,1,10.2,23.6,0.3,16.17073171,502.1,289,74,247,29,208,97,18,761,1689840
265,Skal Labissiere,F,22,SAC,11,0,0.3,0.545,2,6.4,0.518,2,10.5,5.1,0.9,1.7,15.9,15.8,-0.1,3.363636364,16.3,12,3,10,2,18,4,2,33,0
266,Jeremy Lamb,G,26,CHO,38,38,0.347,0.852,40,16.3,0.548,3.1,10.3,9.9,1.7,0.7,5.9,21.8,0.3,14.81578947,433.7,213,50,144,32,180,72,9,580,7488372
267,Zach LaVine,G,23,CHI,36,35,0.361,0.868,32,18.1,0.57,1.4,7,22.7,1.3,1.1,14.9,31.7,0.4,16.44444444,542.8,301,65,180,16,141,152,16,851,19500000
268,Jake Layman,F,24,POR,32,22,0.338,0.667,16,12.9,0.586,5.4,8.9,4.4,1.6,1.3,10.2,14.7,0.2,6.125,138.3,69,23,68,24,58,15,8,175,0
269,T.J. Leaf,F,21,IND,22,0,0.2,0.545,2,12.3,0.526,8.8,13.2,7.5,0.6,1.1,10.2,17.7,-0.1,3.5,48.2,28,3,15,13,27,9,2,65,2407560
270,Courtney Lee,G,33,NYK,10,2,0.333,0.667,8,14.2,0.527,4,8.4,13.9,2.6,1.1,7.4,15.4,0,6.9,47.5,20,5,15,6,18,14,2,53,12253780
271,Damion Lee,G,26,GSW,16,0,0.419,0.846,8,10.8,0.612,1.7,8.1,2,2,0,11.2,15.8,-0.1,4.5,51.8,27,13,31,3,26,3,0,78,0
272,Alex Len,C,25,ATL,38,20,0.29,0.648,12,14.4,0.54,10.8,14.7,7.2,0.7,4.3,14.2,22.1,-0.2,10.63157895,269,147,20,69,80,131,35,38,384,4350000
273,Kawhi Leonard,F,27,TOR,34,34,0.369,0.845,63,26.9,0.61,4.1,12.4,15,2.6,1.2,8.4,30.2,2.2,22.58823529,743,322,59,160,44,226,106,17,921,23114067
274,Meyers Leonard,C,26,POR,40,0,0.417,0.853,11,15.6,0.632,6.7,15.2,12.2,0.9,1.3,14.8,15.7,0.5,7.9,197.8,83,30,72,35,130,49,9,225,10595506
275,Jon Leuer,F,29,DET,26,1,0,0.8,10,14.6,0.641,7,13.7,5.4,1.7,0.9,15.6,15.8,0,4.961538462,94.4,49,0,9,20,54,10,3,118,10002681
276,Caris LeVert,F,24,BRK,14,14,0.311,0.721,17,18.5,0.557,3.6,7.8,21.4,2,0.9,11.5,26.9,0.3,15.71428571,183.1,97,19,61,14,46,52,5,257,1702800
277,Damian Lillard,G,28,POR,43,43,0.384,0.898,44,23.4,0.589,2.4,6.8,28.4,1.4,1.2,11.3,29.9,2.7,20.81395349,836.6,364,126,328,34,161,263,23,1109,27977689
278,Jeremy Lin,G,30,ATL,38,1,0.361,0.836,31,17.2,0.617,1.5,6.6,28,1.9,0.6,18,22.7,0.1,9.473684211,323.2,137,35,97,11,81,134,5,416,13766421
279,Shaun Livingston,G,33,GSW,31,0,0,0.758,18,12,0.498,5.3,7.3,17,1.8,2.8,13.4,13.8,0,6.387096774,136.7,55,0,2,23,42,65,16,135,8307692
280,Zach Lofton,G,26,DET,1,0,0,,1,-9.9,0,0,0,0,12.1,0,50,21.2,0,0,-0.7,0,0,1,0,0,0,0,0,
281,Kevon Looney,C,22,GSW,42,19,0.143,0.607,18,16.9,0.647,13.8,14.6,11.8,1,3.2,11.5,11.9,1.2,10.92857143,318.3,122,1,7,107,128,78,33,279,0
282,Brook Lopez,C,30,MIL,41,41,0.376,0.81,21,13.8,0.588,1.6,7.3,5.1,0.9,6.2,8.8,17.3,1.2,13.29268293,374.4,175,105,279,17,144,43,81,502,3382000
283,Robin Lopez,C,30,CHI,35,0,0.286,0.7,6,9.8,0.544,7.1,8.2,9,0.5,4.4,21.6,18,-0.4,5.542857143,125.4,86,4,14,37,49,33,29,197,14357750
284,Kevin Love,F,30,CLE,4,4,0.292,0.818,1,15.7,0.478,7.9,22.3,15.9,0.4,0.6,11.2,29.1,-0.1,22,52.6,21,7,24,10,44,14,1,76,24119025
285,Kyle Lowry,G,32,TOR,33,33,0.326,0.837,49,18.2,0.568,1.4,6.8,38.9,2.1,1.2,17.9,19.4,1.4,20.06060606,474.2,159,70,215,14,127,316,16,465,31200000
286,Jordan Loyd,G,25,TOR,3,0,1,1,0,31.9,1.261,6.5,15.8,8.4,0,0,17.4,14.6,0,3.333333333,11.9,3,2,2,1,4,1,0,12,
287,Timothe Luwawu-Cabarrot,F,23,OKC,18,1,0.238,0.667,4,4.3,0.401,3.4,7.4,4.3,1.6,0.7,10.3,16.6,-0.2,2.166666667,14.3,13,5,21,4,13,4,1,35,1544951
288,Tyler Lydon,F,22,DEN,13,0,0.8,0.5,2,21.2,0.962,9.6,10.8,6.3,2.2,0,9.2,10.3,0.1,1.769230769,19.8,7,4,5,4,5,2,0,19,
289,Trey Lyles,F,23,DEN,40,1,0.25,0.713,21,12.3,0.498,4.2,12.1,10.1,1.4,2.2,12.2,23.4,-0.3,9.55,237.3,136,33,132,30,141,53,19,367,3364249
290,Shelvin Mack,G,28,MEM,39,2,0.376,0.714,35,11.3,0.511,1.6,4.8,21,2,0.3,12.6,17.4,-0.2,8.717948718,237.7,112,35,93,13,63,122,3,304,1512601
291,Daryl Macon,G,23,DAL,1,0,,,0,0,0,0,0,0,0,0,0,0.007,,0,0,0,0,0,0,0,0,0,0,
292,J.P. Macura,G,23,CHO,1,0,0,,0,0.6,0.25,0,7.7,20.3,0,0,0,24.5,0,6,1.2,2,0,4,0,2,2,0,4,
293,Ian Mahinmi,C,32,WAS,24,6,0.091,0.667,19,14.4,0.57,11.7,14.5,7.1,2.6,3.4,14,13,0.2,6.833333333,109.9,33,1,11,38,55,19,14,105,15944154
294,Thon Maker,C,21,MIL,32,0,0.333,0.541,9,13.5,0.554,4.8,11.9,5.2,1.1,4,5.8,16.9,0.1,6.4375,123.2,58,26,78,17,72,15,18,162,2799720
295,Boban Marjanovic,C,30,LAC,30,9,0,0.782,8,25.1,0.662,15.2,21.1,9.4,1.2,4,17.4,25,0.3,7.066666667,181,73,0,2,44,84,19,17,207,0
296,Lauri Markkanen,F,21,CHI,19,18,0.379,0.818,19,14.8,0.541,3.7,12.6,5.8,1.6,2.1,10.5,24.5,-0.2,16.63157895,207.5,117,44,116,20,116,20,14,314,4536120
297,Jarell Martin,F,24,ORL,26,1,0.182,0.875,2,7.3,0.456,3.7,11.7,8,0.5,2.5,11.3,15.7,-0.2,3.115384615,35.7,23,4,22,7,36,11,6,57,2416222
298,Frank Mason,G,24,SAC,29,0,0.2,0.674,15,12.4,0.483,1.1,5.1,27.6,1.9,0.9,15.1,20.2,-0.2,5.75862069,117,53,9,45,4,32,77,4,146,0
299,Wesley Matthews,G,32,DAL,36,36,0.386,0.806,30,11.9,0.563,1.8,4.2,12,1.3,0.5,10,18.8,0.4,11.16666667,314.6,162,81,210,18,67,85,7,484,18622514
300,Luc Mbah a Moute,F,32,LAC,4,0,0.333,0.4,1,7,0.495,3.6,6.1,4.5,0.8,1.2,9,15.4,0,4.75,10.2,8,2,6,2,5,2,1,20,4320500
301,Patrick McCaw,G,23,CLE,3,0,0.25,,2,-0.7,0.278,0,3.2,4.9,1.9,0,25,10,-0.1,2.333333333,0.4,2,1,4,0,3,2,0,5,3000000
302,CJ McCollum,G,27,POR,42,42,0.337,0.828,34,16.6,0.546,2.7,5.7,12.7,1.1,0.9,7.4,26,0.6,16.33333333,563,350,84,249,36,120,111,16,885,25759766
303,T.J. McConnell,G,26,PHI,37,0,0.348,0.792,44,13.4,0.596,2.1,5.4,24.4,2.7,0.9,19.9,13.9,0.1,8.972972973,246.5,109,8,23,15,64,134,9,245,1600520
304,Doug McDermott,F,27,IND,42,0,0.417,0.857,11,11.2,0.632,1.1,4.1,6.3,0.7,0.6,8.4,14.8,0.1,5.595238095,193,102,50,120,7,47,34,5,290,7333333
305,JaVale McGee,C,31,LAL,36,36,0.167,0.662,26,20.6,0.612,11.5,15.2,5.4,1.5,7.9,14.6,19.5,1,14.25,381.4,182,1,6,91,156,30,84,408,0
306,Rodney McGruder,G,27,MIA,39,39,0.389,0.755,26,10.2,0.531,3.6,7.5,11.8,1.1,0.5,12,15.9,0.2,11.20512821,270.5,145,61,157,39,120,89,7,388,0
307,Alfonzo McKinnie,F,26,GSW,33,0,0.367,0.56,6,11.3,0.545,10.5,14.4,4.2,0.6,1.1,9.3,15.6,-0.2,6.818181818,124.7,67,22,60,44,81,15,6,170,1349383
308,Ben McLemore,G,25,SAC,17,0,0.405,0.667,6,10.2,0.533,1.4,5.4,3.7,1.9,1.2,6.2,18.8,-0.1,3.529411765,36.6,22,15,37,2,13,4,2,65,5460000
309,Jordan McRae,G,27,WAS,8,0,0,,1,1.2,0.182,3.1,7.9,7.2,1.4,2.4,0,13.4,-0.1,1.375,2.1,2,0,3,1,4,2,1,4,
310,Salah Mejri,C,32,DAL,13,0,0,0.833,2,16.4,0.629,10.7,18.2,11.2,1.2,1,10.9,14.2,0.1,3.615384615,29.9,13,0,2,8,20,6,1,31,0
311,De'Anthony Melton,G,20,PHO,26,18,0.338,0.813,41,10.2,0.476,2.3,7.3,21.2,3.6,1.9,21,17.1,0,9.423076923,131.6,63,22,65,11,59,82,12,161,
312,Chimezie Metu,F,21,SAS,19,0,0,0.8,5,12.3,0.453,8.5,13.6,14.6,2.3,1.6,17.1,24.6,-0.1,2.631578947,31.7,16,0,2,8,18,11,2,44,
313,Khris Middleton,F,27,MIL,39,39,0.383,0.85,48,16.4,0.569,1.5,9.3,18.9,1.8,0.2,12.2,24,1,17.64102564,507.2,241,101,264,17,202,161,3,696,13000000
314,C.J. Miles,F,31,TOR,33,1,0.273,0.788,10,5.2,0.432,1.9,6.4,5.3,1,1.2,9.1,18.2,-0.4,4.666666667,68.4,50,30,110,8,48,19,7,156,0
315,Darius Miller,F,28,NOP,37,6,0.387,0.821,24,8.4,0.583,0.9,3.5,8.9,1.3,1,11.7,12.3,0.2,7.459459459,175.7,88,65,168,7,50,62,10,264,2205000
316,Patty Mills,G,30,SAS,43,0,0.403,0.851,29,13,0.588,1.2,5.6,15.8,1.4,0.7,12.3,16.8,0.6,9.88372093,315.5,136,75,186,11,94,120,8,404,11571429
317,Paul Millsap,F,33,DEN,32,28,0.353,0.714,42,19.4,0.565,8.7,14.1,11.1,2.5,3.3,10.9,21.2,1,15.0625,365.3,151,24,68,67,149,63,31,416,29230769
318,Shake Milton,G,22,PHI,11,0,0.412,0.8,3,16.2,0.541,7.8,9.4,17,1.7,2.8,5.5,18,0.1,4.454545455,32.4,13,7,17,6,9,10,3,37,
319,Nikola Mirotic,F,27,NOP,26,22,0.356,0.824,19,18.3,0.59,5.8,16.2,5,1.2,1.7,7.7,22.2,0.3,18.80769231,345.5,157,67,188,41,194,27,16,451,0
320,Donovan Mitchell,G,22,UTA,39,39,0.326,0.792,63,14.9,0.514,2,6,19,2.4,0.8,11.7,30.5,0.5,16.46153846,491.5,306,85,261,23,117,141,13,819,3111480
321,Naz Mitrou-Long,G,25,UTA,4,0,0.333,,0,-2.8,0.625,0,0,9,0,0,42.9,18.9,0,0.25,-0.5,2,1,3,0,0,1,0,5,0
322,Malik Monk,G,20,CHO,38,0,0.337,0.915,22,13.6,0.531,1.2,4.8,15,1.5,1.2,11,25.4,-0.2,8.5,246.4,138,64,190,8,57,71,10,405,3447480
323,Greg Monroe,C,28,TOR,27,2,0,0.641,9,15.5,0.492,16.7,20.7,5.2,1.4,1.6,12.6,22.6,-0.2,6.62962963,107.2,56,0,4,46,71,11,6,137,0
324,E'Twaun Moore,F,29,NOP,37,28,0.425,0.739,29,11.9,0.566,2.9,4.3,9.9,1.2,0.5,9,17.4,0.1,11.21621622,322.9,198,54,127,29,60,80,7,484,8808685
325,Eric Moreland,F,27,PHO,1,0,,,0,4.1,0,0,0,0,0,0,0,0.077,,3,0.5,0,0,0,0,3,0,0,0,1042584
326,Jaylen Morris,G,23,MIL,4,0,0.333,0.5,2,12.4,0.46,0,8.9,18.2,3.2,0,8.4,17.3,0,3.75,9.1,4,1,3,0,5,4,0,10,0
327,Marcus Morris,F,29,BOS,37,20,0.45,0.882,22,17.7,0.644,3.2,11.7,8,1.1,1,9.9,21.3,0.8,14.75675676,423.9,203,86,191,30,190,53,11,574,5375000
328,Markieff Morris,F,29,WAS,34,15,0.333,0.781,25,12.5,0.543,5,10.8,9.8,1.3,1.9,11.5,19.7,0,12.44117647,268,143,48,144,41,133,60,20,391,8600000
329,Monte Morris,G,23,DEN,40,1,0.439,0.805,39,15.9,0.549,2,5.8,23.3,2,0.2,7.1,17.2,0.5,12.075,360.7,160,47,107,18,86,159,2,400,1349383
330,Johnathan Motley,F,23,LAC,4,0,0,0.8,0,33.9,0.588,30.2,19.3,0,0,0,8.9,43.2,0,1.75,8.6,4,0,2,3,1,0,0,12,0
331,Emmanuel Mudiay,G,22,NYK,35,28,0.319,0.739,29,15.8,0.526,2.3,5.8,25.2,1.5,1.2,12.5,24.6,0.1,12.8,350.8,191,38,119,21,82,142,13,502,4294480
332,Jamal Murray,G,21,DEN,40,39,0.335,0.825,33,14.7,0.518,3.2,7.2,21.9,1.2,1.1,12.4,25.4,0.4,17.05,503,283,69,206,40,143,198,17,739,3499800
333,Dzanan Musa,G,19,BRK,7,0,0,0,2,5.6,0.403,4.1,6.2,6.6,3.8,0,16.8,29.5,-0.1,1.285714286,4.4,6,0,6,1,2,1,0,12,
334,Mike Muscala,F,27,PHI,36,4,0.342,0.817,13,10.4,0.563,5.3,10.3,8.9,0.8,2,13.2,14.6,0.3,9.583333333,205.2,85,55,161,39,117,53,20,274,5000000
335,Sviatoslav Mykhailiuk,F,21,LAL,29,0,0.327,0.533,10,5.4,0.459,1.8,3.2,10.3,1.6,0,16.4,15.9,-0.3,2.75862069,43.2,29,18,55,5,13,23,0,84,
336,Abdel Nader,F,25,OKC,23,1,0.409,1,5,10.9,0.588,2.3,9.3,3.2,1.3,0.5,12.4,16.6,-0.1,3.173913043,46.3,31,9,22,4,28,4,1,75,0
337,Larry Nance,C,26,CLE,39,17,0.333,0.723,58,19,0.588,9.2,16.4,18.7,2.9,2.2,14.8,15.2,1.5,15.33333333,398.7,136,13,39,85,207,124,26,345,0
338,Shabazz Napier,G,27,BRK,33,1,0.37,0.833,23,15.5,0.55,1.9,5.7,19.2,2,1.3,12.1,23.5,0.1,7.818181818,209.5,95,40,108,10,49,69,9,295,1942422
339,Raul Neto,G,26,UTA,19,1,0.333,0.929,8,14,0.617,1,7,25.3,1.7,0,19.1,17.9,0,5.368421053,76.7,36,9,27,2,27,38,0,94,2150000
340,Georges Niang,F,25,UTA,29,0,0.4,0.889,6,13.2,0.585,2.2,8.9,11.5,1.5,0.8,8.3,18.3,0.1,3.413793103,62.6,31,20,50,4,28,15,2,90,1512601
341,Joakim Noah,C,33,MEM,16,0,,0.565,5,10.4,0.484,8.5,16.7,14.4,1.4,4.6,23.5,21.1,-0.1,5.625,44.3,25,0,0,14,40,17,9,63,1093858
342,Nerlens Noel,C,24,OKC,39,1,,0.729,39,21.6,0.623,12.9,17.2,5.4,3.4,8.7,12.7,13.8,1,9.025641026,244.8,81,0,0,68,110,21,56,197,1757429
343,Dirk Nowitzki,F,40,DAL,12,0,0.226,1,1,3.9,0.401,0,9.2,4.8,0.4,2.7,6.9,19.9,-0.2,4,15.8,15,7,31,0,21,4,4,43,5000000
344,Frank Ntilikina,G,20,NYK,35,14,0.3,0.808,23,6.1,0.439,1.1,4.7,16.9,1.5,1.3,16.4,16.4,-0.6,7.2,114.1,80,30,100,8,59,88,11,211,4155720
345,James Nunnally,F,28,MIN,13,0,0.385,1,1,12.2,0.593,0,3.3,11,0.8,0,4.2,15.7,0,1.769230769,19,9,5,13,0,4,5,0,27,
346,Jusuf Nurkic,C,24,POR,43,43,0.125,0.742,48,23.8,0.571,13.7,20.2,17,2,4.1,14.6,24.6,2.2,19.37209302,614.5,247,3,24,147,301,126,59,655,11111111
347,David Nwaba,G,26,CLE,21,6,0.257,0.64,13,12,0.517,3.1,9.4,6.4,1.9,1.7,6.9,16.6,-0.1,6.428571429,92.1,42,9,35,10,48,15,7,125,0
348,Royce O'Neale,F,25,UTA,43,4,0.391,0.727,24,8.6,0.562,2.1,9.9,9.9,1.7,0.9,18.1,12.4,0.2,6.209302326,141.7,70,27,69,13,112,49,8,183,1378242
349,Kyle O'Quinn,C,28,IND,21,0,0.111,0.9,3,17.6,0.525,11,18.6,23.8,0.8,6.6,17.2,21.5,0.2,5.857142857,69.9,33,1,9,17,42,29,13,76,4449000
350,Semi Ojeleye,F,24,BOS,31,2,0.288,0.647,6,8.6,0.521,4.3,8.2,4.3,0.8,0.5,9.1,15,-0.2,3.903225806,72.6,43,17,59,14,39,11,2,114,0
351,Jahlil Okafor,C,23,NOP,23,3,,0.786,4,17.6,0.581,13.7,14.9,4.7,0.9,2.7,9.4,20.4,-0.1,4.913043478,87,45,0,0,27,33,7,7,112,1567707
352,Elie Okobo,G,21,PHO,25,4,0.313,0.882,18,7.1,0.478,1.4,5.7,17.7,1.9,0.5,18.2,19.1,-0.5,6.8,86,62,20,64,6,41,57,3,159,
353,Josh Okogie,G,20,MIN,34,12,0.27,0.708,29,8.7,0.474,3.1,7.6,7.3,2,1.8,11,16.3,-0.1,7.5,151.8,78,24,89,21,80,38,15,231,
354,Victor Oladipo,G,26,IND,31,31,0.347,0.729,52,18.9,0.535,1.7,10,24.6,2.5,1,11.3,28.1,1.2,20.16129032,463.8,227,67,193,15,166,160,11,615,21000000
355,Kelly Olynyk,F,27,MIA,39,5,0.335,0.794,26,15.5,0.602,4.9,11,13.6,1.6,1.5,14.5,18.9,0.8,10.30769231,290.1,115,57,170,38,131,73,14,368,12537527
356,Cedi Osman,F,23,CLE,41,40,0.305,0.813,25,9.3,0.506,1.8,8.4,10.4,1,0.5,12.4,18.4,-0.7,11.73170732,291.5,172,58,190,22,173,91,7,480,2775000
357,Kelly Oubre,F,23,TOT,41,7,0.318,0.802,37,13.1,0.546,2.8,8.6,4.6,1.7,2.5,9.2,21.2,-0.4,11.17073171,339.7,184,57,179,27,137,33,31,518,0
358,Zaza Pachulia,C,34,DET,32,0,0,0.77,22,16.8,0.524,14,18.3,16,2.6,1.6,15.1,16,0.5,7.40625,153.5,42,0,3,57,85,47,8,141,0
359,Jabari Parker,F,23,CHI,30,17,0.29,0.724,18,12.5,0.515,4.3,12.6,12.9,1,1,15.1,25.6,-0.5,14.23333333,274,178,27,93,35,169,67,10,446,20000000
360,Tony Parker,G,36,CHO,37,0,0.25,0.697,15,14.7,0.5,1.2,4.3,32.1,1.1,0.6,12.3,24.8,-0.6,8.513513514,251.9,139,8,32,8,47,142,5,348,5000000
361,Chandler Parsons,F,30,MEM,3,3,0.3,,1,7.1,0.5,2.4,5,7,1.1,2.1,10.5,19,0,5.333333333,7.8,7,3,10,1,3,2,1,17,24107258
362,Patrick Patterson,F,29,OKC,41,3,0.308,0.643,13,7.9,0.465,4.6,8.9,4.4,1,1.4,7.4,12.8,-0.2,5.390243902,116.6,56,32,104,27,76,21,10,162,5451600
363,Chris Paul,G,33,HOU,26,26,0.353,0.813,54,18.2,0.544,2,6.9,38.1,3.1,0.8,17.1,22.9,0.8,18.76923077,360.5,137,53,150,16,89,208,8,405,35654150
364,Cameron Payne,G,24,TOT,34,12,0.297,0.862,23,11.5,0.513,1.8,5.4,23.7,1.9,1,15.6,18,-0.3,7.294117647,161.8,82,22,74,10,49,93,7,211,3263294
365,Elfrid Payton,G,24,NOP,11,11,0.412,0.75,12,14.1,0.551,3.1,7.4,29.1,2,0.3,20.7,20.2,0,12.90909091,100.2,50,7,17,8,32,61,1,122,3000000
366,Theo Pinson,G,23,BRK,7,0,0.091,1,1,7.8,0.437,1.5,7.5,23.2,0.7,0,15.5,15.4,-0.1,3.857142857,14.6,7,1,11,1,9,12,0,19,
367,Mason Plumlee,C,28,DEN,40,11,0.333,0.465,42,18,0.595,11.6,16.3,17.1,2.6,4,20.1,16.7,1.3,11.95,307.9,125,1,3,86,154,97,36,298,12917808
368,Miles Plumlee,C,30,ATL,18,0,,0.533,6,18.9,0.654,9.5,11.9,15.1,1.6,2,14,16.7,0.1,4.888888889,76.8,32,0,0,16,23,17,4,80,12500000
369,Jakob Poeltl,C,23,SAS,39,6,,0.571,6,18.9,0.631,15.9,17.8,11.2,0.5,3.9,15.2,14.9,0.8,8.717948718,239.4,93,0,0,86,110,48,28,218,2947320
370,Quincy Pondexter,F,30,SAS,31,0,0.357,0.806,8,14.6,0.672,3.7,10.2,10.6,2.1,0.5,15.9,13.7,0.1,2.290322581,60.2,17,5,14,6,28,15,1,64,0
371,Otto Porter,F,25,WAS,31,25,0.383,0.778,47,15.9,0.573,3.6,10.7,10.3,2.5,1.7,8.9,17.6,0.6,14.80645161,329.9,148,46,120,29,141,62,18,377,0
372,Bobby Portis,F,23,CHI,12,4,0.371,0.706,6,16.3,0.52,7.9,17.3,7.6,1.1,2.2,10.8,27,-0.2,13.83333333,105.8,59,13,35,20,67,12,7,155,2494346
373,Dwight Powell,C,27,DAL,38,0,0.19,0.741,19,20,0.654,9.3,13.9,9.3,1.5,3.1,12.2,19.5,0.8,8.815789474,279.3,118,11,58,53,109,36,24,330,9631250
374,Norman Powell,G,25,TOR,22,2,0.316,0.857,13,11.6,0.563,0.8,6.3,10,1.6,1.2,10.8,16.9,0.1,7.136363636,110.1,61,18,57,3,44,29,6,158,9367200
375,Alex Poythress,F,25,ATL,18,1,0.389,0.524,3,12.8,0.593,10.2,12.9,7.7,0.6,2.8,11.9,14.1,0,6.388888889,71.9,35,7,18,24,35,13,8,88,1544951
376,Zhou Qi,F,23,HOU,1,0,,,0,81.7,1,0,0,0,0,0,0,43.9,0,1,1.7,1,0,0,0,0,0,0,2,0
377,Ivan Rabb,F,21,MEM,14,0,0,0.714,1,16.9,0.646,15.5,21.8,19.2,0.6,2.2,27,19.6,0,3.642857143,31.1,15,0,2,12,21,10,2,35,1378242
378,Chasson Randle,G,25,WAS,13,0,0.433,0.8,8,12.5,0.623,3.2,4.5,17,1.8,0.4,18.6,17.8,-0.1,5.923076923,61.2,29,13,30,6,11,25,1,87,
379,Julius Randle,C,24,NOP,41,21,0.316,0.723,24,21.7,0.609,8.5,16.9,14.8,0.9,1.7,13.2,26.4,1.1,18.75609756,634.8,300,24,76,94,287,117,24,812,8641000
380,J.J. Redick,G,34,PHI,41,28,0.374,0.899,16,15.1,0.592,0.9,3.9,14,0.6,0.5,8.2,22.9,0.2,13.34146341,492.5,254,119,318,10,82,115,8,752,0
381,Davon Reed,G,23,IND,4,0,,,0,-5.6,0,0,0,0,0,0,0,4.4,0,0,-1.1,0,0,0,0,0,0,0,0,1378242
382,Josh Richardson,G,25,MIA,39,39,0.378,0.861,43,14.7,0.536,2.4,5.8,17.2,1.5,1.3,9.6,22.8,0.9,16.33333333,482.7,245,99,262,32,119,148,21,707,9367200
383,Malachi Richardson,G,23,TOR,20,0,0.304,0.8,1,0.2,0.462,2.3,7.2,0,0.5,0,21.5,16.5,-0.2,1.05,3.4,8,7,23,2,11,0,0,27,1569360
384,Austin Rivers,G,26,TOT,38,8,0.337,0.536,22,7.7,0.512,1.4,5.3,11.8,1,1,12.8,15.2,-0.5,9.052631579,191.3,117,56,166,13,84,86,12,320,922943
385,Devin Robinson,F,23,WAS,4,0,,0.5,3,26.5,0.607,6.8,12,10.3,4.5,2.7,0,20.9,0,5.25,19.1,8,0,0,2,5,2,1,19,0
386,Duncan Robinson,F,24,MIA,4,0,0.333,,1,6.6,0.5,0,9,0,1.7,0,0,8.8,0,2.5,4.7,2,2,6,0,5,0,0,6,
387,Glenn Robinson,F,25,DET,28,16,0.275,0.839,10,7.2,0.486,2.3,5,4.6,1.2,1,9.3,14.5,-0.3,3.821428571,72.5,43,11,40,9,29,13,5,123,0
388,Jerome Robinson,G,21,LAC,8,0,0.556,,0,13,0.639,0,4,4,0,0,5.3,20.2,0,2.125,12.2,9,5,9,0,3,1,0,23,
389,Mitchell Robinson,C,20,NYK,28,12,,0.531,19,16.8,0.635,12.3,11.8,5.4,1.9,9,13.4,10.4,0.8,8.5,157.5,57,0,0,59,50,18,51,131,
390,Rajon Rondo,G,32,LAL,14,2,0.357,0.615,14,14.2,0.505,3.4,9.3,37.3,1.9,0,20.4,17.8,0.1,14.28571429,119.1,50,10,28,11,51,94,0,118,9000000
391,Derrick Rose,G,30,MIN,33,11,0.468,0.842,23,19.7,0.572,2.3,5.1,27,1.1,0.9,9.7,26,0.6,15.84848485,467.7,244,52,111,21,73,159,10,625,0
392,Terrence Ross,G,27,ORL,41,0,0.393,0.833,36,13.7,0.547,1.3,6.6,9.4,1.7,1.2,8.1,22.8,0.1,11.95121951,349.7,205,90,229,13,115,60,15,545,10500000
393,Terry Rozier,G,24,BOS,41,4,0.355,0.778,37,13.1,0.498,2.4,9.5,17.2,1.9,1.2,8.4,18.3,0.5,11.80487805,298.3,129,59,166,21,144,115,12,359,3050390
394,Ricky Rubio,G,28,UTA,40,40,0.337,0.847,53,12.6,0.51,1.4,6.7,31.8,2.2,0.6,19.6,23.1,0.4,14.125,375,181,56,166,15,127,246,9,512,14975000
395,D'Angelo Russell,G,22,BRK,43,43,0.356,0.817,48,17.6,0.52,1.8,7,37.7,1.9,0.7,14.3,30.1,1,18.13953488,550.3,309,103,289,21,141,272,12,788,7019698
396,Domantas Sabonis,C,22,IND,40,5,0.714,0.774,26,24.4,0.667,12,21.3,18.5,1.2,1.8,16.9,23.5,1.8,17.65,560.4,240,5,7,106,282,120,20,608,2659800
397,Dario Saric,F,24,TOT,41,14,0.333,0.867,21,11.8,0.538,6.1,12.1,9.1,1,0.5,12,18.1,0,11.82926829,304,152,57,171,60,176,67,6,426,2526840
398,Tomas Satoransky,G,27,WAS,43,17,0.408,0.824,39,13.6,0.605,3.4,6.7,21.3,2,0.6,16.5,13.7,0.2,9.302325581,300.1,111,29,71,30,85,149,7,307,3129187
399,Dennis Schroder,G,25,OKC,40,10,0.313,0.829,37,12.1,0.491,1.7,6.6,21.7,1.5,0.5,14.4,25,-0.4,13.7,369.3,232,52,166,20,129,175,7,608,15500000
400,Mike Scott,F,30,LAC,41,0,0.352,0.625,16,8.9,0.487,3.9,12.6,8.1,1.3,0.9,10.4,15,0,6.975609756,129.5,69,37,105,21,122,36,7,185,4320500
401,Thabo Sefolosha,F,34,UTA,26,0,0.464,0.571,23,11.6,0.616,1.5,13.9,4.8,3.8,0.3,18.9,11.8,0.1,5.153846154,77.6,29,13,28,4,69,10,1,79,5250000
402,Wayne Selden,G,24,TOT,35,0,0.313,0.75,11,9.1,0.489,3.7,5.4,13,1.1,1.2,11.2,19.6,-0.4,4.8,104.7,67,21,67,16,30,40,6,179,0
403,Collin Sexton,G,20,CLE,43,33,0.387,0.884,21,10.3,0.492,2.3,5.6,15.7,0.8,0.2,13.3,25.5,-1.6,10.55813953,324.3,242,36,93,27,101,122,3,627,
404,Landry Shamet,G,21,PHI,43,2,0.394,0.814,20,10.2,0.598,1.4,3.9,6.1,1.1,0.5,6.8,15.1,0,7,219.1,118,76,193,11,53,38,6,347,
405,Iman Shumpert,G,28,SAC,32,30,0.386,0.844,40,11.5,0.549,1.5,5.8,10,2.3,1.1,8.3,15.2,0.5,10.9375,230.4,107,61,158,12,80,64,11,302,11011234
406,Pascal Siakam,F,24,TOR,43,42,0.337,0.771,41,18.6,0.642,5.3,11.7,13.4,1.5,1.8,13.1,19,1.9,15.88372093,554.7,252,31,92,63,222,121,29,646,0
407,Ben Simmons,G,22,PHI,42,42,,0.57,57,20.9,0.589,7.1,14.6,37.7,1.9,1.7,19.7,22.1,2.2,22.57142857,706.2,280,0,0,90,293,342,31,694,6434520
408,Jonathon Simmons,G,29,ORL,35,7,0.217,0.803,16,7.2,0.438,2.6,6,15.7,1.1,1.5,14.9,20.2,-0.8,6.942857143,139,91,15,69,18,62,77,13,246,6000000
409,Anfernee Simons,G,19,POR,8,0,0,0.25,0,-2.8,0.33,0,6.8,10.3,0,0,20.9,22.7,-0.2,1.5,-0.4,7,0,7,0,7,4,0,15,
410,Marcus Smart,G,24,BOS,41,21,0.35,0.767,73,13,0.547,3.1,5.7,20.6,3.3,1.3,17,14,1.1,11.43902439,318,102,55,157,31,84,168,15,315,11660716
411,Dennis Smith,G,21,DAL,28,28,0.375,0.681,38,11.4,0.534,2.1,5.1,22,2.4,1.1,20.7,22.8,0,11.21428571,220.7,132,39,104,15,58,108,10,352,0
412,Ish Smith,G,30,DET,22,0,0.329,0.667,10,8.9,0.483,0.2,4.2,19.1,0.9,0.9,10.6,18.6,-0.3,9.5,119.1,85,25,76,1,41,66,6,203,6000000
413,J.R. Smith,G,33,CLE,11,4,0.308,0.8,11,8,0.444,0,4.5,13.9,2.5,1.2,11.7,18.8,-0.2,7.363636364,43.3,27,12,39,0,18,21,3,74,0
414,Jason Smith,F,32,TOT,15,1,0.429,0.833,2,11.8,0.517,9.9,16,10.6,0.6,3.9,16.6,16.8,-0.1,5.333333333,42.1,18,6,14,14,31,12,7,52,5450000
415,Tony Snell,G,27,MIL,41,4,0.386,0.9,14,11.1,0.595,2.4,6.1,6,0.9,1.1,6.8,13.9,0.2,6.512195122,193.2,93,49,127,16,69,33,9,262,10607143
416,Ray Spalding,F,21,DAL,1,0,,,0,0,0,0,0,0,0,0,0,0.007,,0,0,0,0,0,0,0,0,0,0,
417,Omari Spellman,F,21,ATL,25,8,0.323,0.767,17,12.9,0.499,10.5,12.8,7.8,1.9,2.9,10.6,15.8,0.1,8.28,127.9,50,20,62,42,58,23,14,143,
418,Nik Stauskas,G,25,POR,40,0,0.35,0.889,13,11.5,0.559,1.7,6.3,13.5,1,0.5,14.5,17.9,0,6.225,177,92,41,117,10,67,61,4,257,0
419,D.J. Stephens,G,28,MEM,1,0,,,1,5.7,0.5,0,0,0,7.2,0,33.3,19.7,0,1,1,1,0,0,0,0,0,0,2,
420,Lance Stephenson,G,28,LAL,42,0,0.373,0.639,27,13.5,0.536,3.1,10.1,18.6,2,0.6,15.1,21.4,0.2,8.404761905,216.4,119,41,110,19,108,84,5,302,0
421,Edmond Sumner,G,23,IND,9,0,0.25,0,1,-5.4,0.282,6.8,4.9,3.6,1.4,0,31.1,16.6,-0.1,0.444444444,-3.2,2,1,4,2,1,1,0,5,0
422,Caleb Swanigan,F,21,POR,16,0,0.25,0.857,4,4.2,0.377,10.5,19.6,6.9,1.4,0,26.7,17.8,-0.2,3.6875,15.7,12,1,4,13,37,7,0,31,1740000
423,Jayson Tatum,F,20,BOS,41,41,0.37,0.862,44,15.6,0.554,3.4,10.9,8.5,1.7,1.9,9.4,22.5,0.5,15.92682927,482.9,243,71,192,41,217,72,27,663,6700800
424,Jeff Teague,G,30,MIN,27,27,0.351,0.827,32,15.2,0.522,1.3,4.2,37.1,1.8,1.3,17.1,18.9,0,15.03703704,308.7,109,26,74,10,56,224,13,325,19000000
425,Garrett Temple,G,32,MEM,41,41,0.353,0.786,46,9.2,0.555,1.2,5.7,6.1,1.8,1.5,11,14.5,0.4,9.975609756,273.5,145,61,173,14,115,53,20,406,8000000
426,Milos Teodosic,G,31,LAC,15,0,0.37,0.571,3,6.8,0.557,2.2,5.7,28.7,1,0.5,32.8,18.1,-0.1,3.866666667,25.9,17,10,27,3,13,32,1,48,6300000
427,Jared Terrell,G,23,MIN,3,0,0.25,0.5,2,-8.1,0.155,4.1,4.1,9.5,3.7,3.3,18.9,25.7,-0.1,2,-3.1,1,1,4,1,1,2,1,4,
428,Daniel Theis,C,26,BOS,31,2,0.405,0.729,9,17.4,0.62,10.9,14.6,10.4,0.9,3.5,10.8,17.3,0.5,8.806451613,187,83,15,37,50,83,35,19,216,0
429,Khyri Thomas,G,22,DET,8,0,0.5,0.667,3,14,0.578,3.1,7.3,6.7,2.2,0,7.2,17.7,0,3.5,22,9,6,12,2,7,3,0,30,
430,Lance Thomas,F,30,NYK,17,5,0.217,0.846,11,6.2,0.455,3.5,9,4.8,2.1,1,13.6,12.1,-0.2,4.882352941,36.8,21,5,23,9,35,9,3,58,7119650
431,Klay Thompson,G,28,GSW,42,42,0.366,0.802,52,16,0.548,1.5,6.5,8.9,1.7,1.8,7.5,26.7,0,17.73809524,587.7,358,116,317,19,154,84,30,917,18988725
432,Tristan Thompson,C,27,CLE,33,33,,0.651,28,19.2,0.553,16.3,20.9,11.7,1.4,1.2,12.4,17.7,0.7,18.09090909,397.7,164,0,0,148,219,73,14,382,17469565
433,Sindarius Thornwell,G,24,LAC,26,0,0.125,0.889,3,4.2,0.517,1.6,9.2,8.3,1,1.1,26.9,12.5,-0.1,1.5,14.9,11,1,8,2,22,9,2,31,0
434,Anthony Tolliver,F,33,MIN,27,0,0.4,0.722,10,9.7,0.626,2.3,7.2,5.5,1.2,2.1,14.5,12.1,0.1,5.444444444,91.4,40,32,80,9,46,17,10,125,4750000
435,Karl-Anthony Towns,C,23,MIN,42,42,0.379,0.835,36,23.9,0.6,10.4,19.5,14.5,1.2,4.9,13.5,27.1,2.6,24.92857143,783.1,342,72,190,139,375,124,81,938,7839435
436,Gary Trent,G,20,POR,5,0,0.375,0.25,0,3.6,0.373,0,7,4.9,0,2.7,5.1,28,-0.1,2.6,4.1,5,3,8,0,4,1,1,14,
437,Allonzo Trier,G,23,NYK,35,3,0.375,0.802,13,11.4,0.543,2.2,6.6,12.5,0.8,1.3,16,20.8,-0.5,7.628571429,214.9,121,21,56,17,81,63,12,348,
438,P.J. Tucker,F,33,HOU,41,41,0.398,0.6,50,9.1,0.566,4.4,9.9,4.8,1.7,0.9,10.8,9.9,0.9,12.82926829,284.6,114,80,201,57,195,49,16,329,0
439,Evan Turner,G,30,POR,42,2,0.162,0.705,24,11.3,0.505,2.8,10.2,22.3,1.1,1.1,19.7,16.8,0.1,11.16666667,276.6,140,6,37,27,174,164,14,329,17868853
440,Myles Turner,C,22,IND,37,37,0.391,0.695,16,17.8,0.565,5.9,14.2,9.4,0.8,9,12.4,20.5,1.2,16.51351351,410,197,27,69,53,209,66,103,478,3410284
441,Ekpe Udoh,C,31,UTA,27,0,,0.5,3,18,0.765,6.5,11.9,11,1,7,16.6,12,0.2,2.851851852,58.1,24,0,0,9,24,11,13,54,3360000
442,Tyler Ulis,G,23,CHI,1,0,,,0,0,0,0,0,0,0,0,0,-0.013,,0,0,0,0,0,0,0,0,0,0,0
443,Jonas Valanciunas,C,26,TOR,30,10,0.3,0.819,13,25.1,0.639,10.6,20.6,8.4,1.1,3.3,11.5,26,0.5,13.33333333,319.5,149,9,30,54,162,29,23,384,16539326
444,Fred VanVleet,G,24,TOR,39,16,0.367,0.812,35,13.5,0.529,1.6,5.4,22.9,1.6,0.7,11.5,18,0.6,12.41025641,336.7,143,66,180,15,89,177,9,408,8653847
445,Noah Vonleh,F,23,NYK,42,35,0.416,0.75,35,15.2,0.581,7.5,17,11.4,1.5,2.9,15.8,14.1,1,14.95238095,376.7,127,37,89,84,278,88,38,366,0
446,Nikola Vucevic,C,28,ORL,40,40,0.393,0.777,41,26.2,0.59,8.8,21,22.7,1.6,3.1,10.5,27.5,2.8,25.425,735.9,336,48,122,102,376,148,46,807,12750000
447,Dwyane Wade,G,37,MIA,31,0,0.336,0.682,21,15,0.509,3.6,7.2,25,1.3,1.9,13.7,26.7,0.2,12.87096774,292.1,160,41,122,27,81,120,17,436,0
448,Moritz Wagner,C,21,LAL,13,0,0.35,0.667,2,10.1,0.479,6,12.8,11.3,1.1,0.9,13,25.4,-0.1,3.692307692,23.7,16,7,20,5,17,7,1,45,
449,Dion Waiters,G,27,MIA,3,0,0.3,0,2,16.2,0.458,1.9,6.5,29.8,1.7,0,0,24.8,0,12.33333333,22.2,12,6,20,1,6,10,0,30,11550000
450,Kemba Walker,G,28,CHO,41,41,0.358,0.816,50,21.5,0.56,1.5,6.7,28,1.7,1.2,10.2,30.9,1.9,20.90243902,736.6,350,130,363,20,156,235,19,1021,12000000
451,Lonnie Walker,G,20,SAS,1,0,1,,0,20.1,0.75,0,11,0,0,0,0,17.7,0,3,2.3,1,1,1,0,1,0,0,3,
452,John Wall,G,28,WAS,32,32,0.302,0.697,49,18.4,0.527,1.5,5.8,39.8,2.1,2.2,16.1,29,0.5,20.25,509.4,245,51,169,15,101,279,29,663,19169800
453,Tyrone Wallace,G,24,LAC,31,0,0,0.481,13,9.7,0.461,4.6,8.4,7.5,2,1.7,9.3,19.2,-0.2,4,70.9,52,0,10,13,36,16,7,117,0
454,Taurean Waller-Prince,F,24,ATL,21,20,0.367,0.833,24,11.8,0.567,1,7.3,12.2,1.8,1,16.2,22.5,-0.1,12.80952381,188.9,110,51,139,6,77,48,7,316,0
455,Brad Wanamaker,G,29,BOS,18,0,0.467,0.9,6,14,0.586,0,6,25.8,2.2,0,18.4,17.6,0,3.388888889,45.6,18,7,15,0,15,25,0,52,
456,T.J. Warren,F,25,PHO,37,30,0.433,0.811,43,17.6,0.589,2.6,7.4,8.2,1.8,1.7,7.1,23.7,0.4,15.35135135,481.6,266,71,164,27,125,57,24,693,11750000
457,Yuta Watanabe,G,24,MEM,4,0,0,1,0,9.4,0.51,0,15.1,0,0,5,14.5,16.7,-0.1,1.75,4.5,2,0,2,0,5,0,1,6,
458,Thomas Welsh,C,22,DEN,8,0,0.429,,0,16.2,0.65,0,6.5,18,0,0,9.1,18.8,0,1.625,9.6,5,3,7,0,3,3,0,13,
459,Russell Westbrook,G,30,OKC,33,33,0.229,0.621,83,20.2,0.478,3.8,15.9,46.8,3.3,0.8,17.4,31,2.4,29.18181818,589.9,277,36,157,44,314,353,11,703,35654150
460,Derrick White,G,24,SAS,34,22,0.333,0.824,33,13.6,0.566,1.8,6.9,20,2,1.3,16.4,16.6,0.4,10.26470588,252.9,113,20,60,13,89,118,13,288,1667160
461,Okaro White,F,26,WAS,3,0,0,,0,-4.5,0,18.1,18.3,0,0,0,0,14.2,0,0.666666667,-0.4,0,0,2,1,1,0,0,0,1187862
462,Hassan Whiteside,C,29,MIA,35,35,0.133,0.447,21,20.9,0.519,15.2,25.2,5.1,1.1,8.2,11.8,22.5,0.3,20.22857143,419.8,189,2,15,133,306,28,86,443,25434262
463,Andrew Wiggins,F,23,MIN,38,38,0.348,0.743,41,12.8,0.5,2.8,6.4,10.5,1.5,1.4,8.5,24.1,-0.2,14.65789474,422.2,246,64,184,34,123,90,22,680,25467250
464,Alan Williams,F-C,26,BRK,1,0,,0.5,0,45.4,0.694,23.9,48.1,45.9,0,0,14.8,32.3,0,12,9.2,3,0,0,2,6,2,0,8,0
465,C.J. Williams,G,28,MIN,6,0,0,,1,-1.9,0.357,0,2,7.5,0.9,0,17.6,13.5,-0.1,1.333333333,-1.1,5,0,6,0,2,3,0,10,0
466,Johnathan Williams,C,23,LAL,7,0,,0.2,1,10.4,0.518,13,12.1,5.9,0.5,3.5,8.3,11.3,0,5.571428571,19.1,11,0,0,11,10,4,4,23,
467,Kenrich Williams,F,24,NOP,12,0,0.2,1,1,1.5,0.397,5,8.9,3.7,0.7,0,13.7,13.7,-0.1,1.5,3.5,6,1,5,3,8,2,0,15,
468,Lou Williams,G,32,LAC,37,0,0.382,0.905,21,21.1,0.56,1.8,5.5,31.5,1.1,0.3,12.3,31.7,0.5,13.16216216,490.9,218,50,131,15,82,183,4,686,8000000
469,Marvin Williams,F,32,CHO,40,40,0.385,0.708,34,12.8,0.552,3.8,11,5.8,1.5,2.2,5.7,15.1,0.6,13.325,325.2,146,77,200,39,186,45,28,403,14087500
470,Robert Williams,C,21,BOS,19,0,,0.6,5,22.2,0.775,11,16.1,3.3,1.4,14.6,17.6,11.4,0.4,5.631578947,78.3,26,0,0,18,34,4,28,58,
471,Troy Williams,F,24,SAC,18,0,0.341,0.6,10,11.3,0.55,3.2,10,4.6,1.6,2.4,7.9,14.7,0,7.166666667,76.8,40,14,41,9,46,10,8,103,0
472,D.J. Wilson,F,22,MIL,13,0,0.444,0.533,7,12.8,0.571,6.1,14.4,6.1,1.4,1.9,7,12.9,0.1,9.461538462,69.5,28,12,27,13,52,11,5,76,2534280
473,Justise Winslow,F,22,MIA,35,22,0.358,0.642,39,12.7,0.498,3.5,9.5,22,1.9,0.9,14.8,20.3,0.4,14.42857143,308.1,156,44,123,34,148,145,10,408,3448926
474,Christian Wood,F,23,MIL,6,0,0.5,0.833,0,23.8,0.636,11.9,22.4,8.3,0,0,9.2,24.6,0,4.5,21.3,9,2,4,4,12,2,0,25,
475,Delon Wright,G,26,TOR,39,2,0.338,0.886,34,13.8,0.515,4.6,7.5,16.1,2.3,1.2,10.2,16.5,0.5,8.333333333,227.7,98,26,77,30,69,85,11,253,2536898
476,Guerschon Yabusele,F,23,BOS,24,0,0.25,0.75,5,10.6,0.508,7.7,9.3,8.9,1.8,3.3,13.1,16.7,0,2.375,32.9,17,4,16,10,14,9,5,47,2667600
477,Nick Young,G,33,DEN,4,0,0.375,,0,2.4,0.5,0,1.5,6.9,0,2.4,18.2,12.7,0,2,2.7,3,3,8,0,1,2,1,9,1042584
478,Thaddeus Young,F,30,IND,42,42,0.293,0.578,68,15.9,0.558,8.4,11,8,2.6,1.3,9.4,17.9,1.3,14.38095238,452,230,17,58,93,156,70,19,525,13964045
479,Trae Young,G,20,ATL,42,42,0.291,0.793,40,12.7,0.499,2.3,5.2,37.6,1.5,0.8,20.4,27,-0.7,14.26190476,437.7,229,62,213,27,95,303,11,654,
480,Cody Zeller,C,26,CHO,35,35,0.313,0.842,25,16.5,0.618,8.9,13.6,12.4,1.4,2.8,14.5,15.5,0.9,12.4,312.5,129,5,16,72,146,74,28,327,13528090
481,Ante Zizic,C,22,CLE,27,2,,0.711,4,15.2,0.553,12.3,17.6,7.3,0.6,2.2,15.4,19.1,-0.2,5.666666667,103.2,48,0,0,36,63,15,8,128,1952760
482,Ivica Zubac,C,21,LAL,22,6,,0.889,4,19.1,0.607,11.2,16.2,7.5,0.6,4.5,11.4,18.8,0.1,7.818181818,126.3,59,0,0,31,61,15,17,142,0